Trail,P,V,Usafe,Pos,Loss,ChooseGamble,Judge,RT,Choice,session,seq,id
1,0.5,20,10,2,10,0,2,21.530592270322,1,2,0,101
2,0.5,40,20,1,20,0,2,6.4324728012955,0,2,0,101
3,0.6,50,30,2,20,0,1,1.28317472174072,0,2,0,101
4,0.6,50,30,2,20,0,2,1.4828976028647,1,2,0,101
5,0.5,20,10,1,10,0,1,1.81622998585895,1,2,0,101
6,0.5,40,20,1,20,0,2,3.06614787656236,0,2,0,101
1,0.5,20,10,1,10,0,2,3.64922480841164,0,2,1,101
2,0.6,50,30,2,20,0,1,2.64947113630143,0,2,1,101
3,0.6,50,30,2,20,0,1,1.79969266034121,0,2,1,101
4,0.5,40,20,1,20,0,2,1.54972316622571,0,2,1,101
5,0.5,40,20,2,20,0,1,1.21656326977466,0,2,1,101
6,0.5,20,10,1,10,0,2,0.766384796095247,0,2,1,101
1,0.5,40,20,1,20,0,2,1.44980470531886,0,2,2,101
2,0.5,40,20,1,20,0,2,1.69963991652222,0,2,2,101
3,0.6,50,30,2,20,0,1,1.53301677538546,0,2,2,101
4,0.5,20,10,1,10,0,2,0.783292753854575,0,2,2,101
5,0.6,50,30,2,20,0,1,1.16655842304534,0,2,2,101
6,0.5,20,10,2,10,0,1,0.799785033299881,0,2,2,101
1,0.5,40,20,2,20,1,1,2.24975167639814,0,4,0,101
2,0.5,20,10,1,10,1,2,1.19954725846182,0,4,0,101
3,0.6,50,30,1,20,1,2,1.16654559346775,0,4,0,101
4,0.5,20,10,2,10,1,1,0.516484011495302,0,4,0,101
5,0.5,40,20,2,20,1,1,1.28308462959584,0,4,0,101
6,0.6,50,30,1,20,1,2,1.133182704589,0,4,0,101
1,0.5,40,20,2,20,1,2,1.76642642094699,1,4,1,101
2,0.5,20,10,1,10,1,2,1.68285626311468,0,4,1,101
3,0.6,50,30,2,20,1,2,1.76649227944531,1,4,1,101
4,0.5,20,10,1,10,1,1,0.783221763525226,1,4,1,101
5,0.5,40,20,1,20,1,1,1.14975766353435,1,4,1,101
6,0.6,50,30,2,20,1,2,0.916290142322781,1,4,1,101
1,0.6,50,30,1,20,1,1,2.4493933035307,1,4,2,101
2,0.5,20,10,2,10,1,2,1.09994069884135,1,4,2,101
3,0.5,40,20,2,20,1,2,1.39972402153088,1,4,2,101
4,0.5,40,20,1,20,1,1,1.21643668460907,1,4,2,101
5,0.6,50,30,1,20,1,1,0.8830806381717,1,4,2,101
6,0.5,20,10,2,10,1,2,1.06634573715902,1,4,2,101
1,0.5,20,10,1,10,1,1,4.349190311103,1,2,0,102
2,0.6,50,30,2,20,1,2,1.63315362421312,1,2,0,102
3,0.5,40,20,2,20,1,2,4.49931461545479,1,2,0,102
4,0.5,20,10,1,10,1,1,6.2490272329167,1,2,0,102
5,0.5,40,20,1,20,1,1,3.83288391798194,1,2,0,102
6,0.6,50,30,2,20,1,2,1.31640589362284,1,2,0,102
1,0.5,40,20,1,20,1,1,1.86627332132105,1,2,1,102
2,0.6,50,30,1,20,1,1,1.79970491971535,1,2,1,102
3,0.5,20,10,2,10,1,2,1.46648771781772,1,2,1,102
4,0.5,20,10,2,10,1,2,1.78285227169054,1,2,1,102
5,0.5,40,20,1,20,1,1,2.11625650031931,1,2,1,102
6,0.6,50,30,2,20,1,2,1.01649912188669,1,2,1,102
1,0.5,40,20,1,20,1,1,1.46623426238482,1,2,2,102
2,0.5,40,20,1,20,1,1,1.48305155779582,1,2,2,102
3,0.5,20,10,2,10,1,2,3.03283744640088,1,2,2,102
4,0.6,50,30,2,20,1,2,1.5996550269136,1,2,2,102
5,0.6,50,30,2,20,1,2,1.38299995438372,1,2,2,102
6,0.5,20,10,1,10,1,1,1.36643811011769,1,2,2,102
1,0.6,50,30,1,20,0,1,2.11627531703312,1,4,0,102
2,0.5,40,20,2,20,0,2,1.14974825517745,1,4,0,102
3,0.5,40,20,2,20,0,2,1.51633946492108,1,4,0,102
4,0.5,20,10,1,10,0,1,1.08303587720099,1,4,0,102
5,0.6,50,30,2,20,0,2,2.1495857471946,1,4,0,102
6,0.5,20,10,1,10,0,1,2.08297600583888,1,4,0,102
1,0.6,50,30,1,20,0,2,1.19988538910683,0,4,1,102
2,0.5,20,10,2,10,0,1,0.916598622388468,0,4,1,102
3,0.5,40,20,1,20,0,2,0.799893086853389,0,4,1,102
4,0.6,50,30,1,20,0,2,2.08310116549585,0,4,1,102
5,0.5,40,20,2,20,0,1,1.04976507617918,0,4,1,102
6,0.5,20,10,2,10,0,1,0.78309460815619,0,4,1,102
1,0.5,40,20,1,20,0,2,0.833176147249339,0,4,2,102
2,0.5,40,20,2,20,0,1,1.23302589864064,0,4,2,102
3,0.5,20,10,1,10,0,2,0.683028464556154,0,4,2,102
4,0.6,50,30,2,20,0,1,1.09967099261016,0,4,2,102
5,0.5,20,10,1,10,0,2,1.19970577502053,0,4,2,102
6,0.6,50,30,2,20,0,1,1.21642242952285,0,4,2,102
1,0.6,50,30,1,20,0,1,33.0623289389654,1,2,0,103
2,0.5,20,10,2,10,0,1,1.7664734627315,0,2,0,103
3,0.5,40,20,1,20,0,2,1.78309403795274,0,2,0,103
4,0.5,40,20,2,20,0,1,1.81630354210382,0,2,0,103
5,0.5,20,10,1,10,0,2,2.79948282547213,0,2,0,103
6,0.6,50,30,2,20,0,1,0.83305212799927,0,2,0,103
1,0.6,50,30,1,20,0,2,2.49946457896177,0,2,1,103
2,0.5,20,10,1,10,0,2,1.63318755131831,0,2,1,103
3,0.5,40,20,2,20,0,1,1.7662915678314,0,2,1,103
4,0.5,20,10,1,10,0,2,1.3829774313475,0,2,1,103
5,0.5,40,20,2,20,0,1,1.5831732962321,0,2,1,103
6,0.6,50,30,2,20,0,1,2.3162539344038,0,2,1,103
1,0.6,50,30,1,20,0,2,4.39923279125992,0,2,2,103
2,0.5,20,10,2,10,0,1,1.24972801295502,0,2,2,103
3,0.5,40,20,1,20,0,2,1.13302960496305,0,2,2,103
4,0.5,40,20,2,20,0,1,0.78301363926649,0,2,2,103
5,0.6,50,30,1,20,0,2,1.6995951555515,0,2,2,103
6,0.5,20,10,2,10,0,1,0.88309061673205,0,2,2,103
1,0.5,20,10,2,10,1,1,5.13251642185932,0,4,0,103
2,0.6,50,30,1,20,1,2,1.39964333774291,0,4,0,103
3,0.5,20,10,2,10,1,1,1.76653846592464,0,4,0,103
4,0.6,50,30,1,20,1,2,0.616492849648755,0,4,0,103
5,0.5,40,20,2,20,1,1,0.916451795000456,0,4,0,103
6,0.5,40,20,1,20,1,2,0.68331698750114,0,4,0,103
1,0.5,20,10,2,10,1,2,0.64977762065505,1,4,1,103
2,0.6,50,30,1,20,1,1,0.849734570294681,1,4,1,103
3,0.5,40,20,1,20,1,1,1.03313851382173,1,4,1,103
4,0.5,40,20,2,20,1,2,0.71642214442113,1,4,1,103
5,0.6,50,30,2,20,1,2,0.999737421311924,1,4,1,103
6,0.5,20,10,1,10,1,1,0.849803850013685,1,4,1,103
1,0.5,40,20,1,20,1,1,0.849744548855031,1,4,2,103
2,0.6,50,30,2,20,1,2,1.95000769774656,1,4,2,103
3,0.5,40,20,1,20,1,1,0.766434403795274,1,4,2,103
4,0.5,20,10,1,10,1,1,0.849601142687711,1,4,2,103
5,0.5,20,10,2,10,1,2,0.9332625330718,1,4,2,103
6,0.6,50,30,2,20,1,2,0.916599762795365,1,4,2,103
1,0.5,20,10,2,10,1,1,6.48227665130919,0,2,0,104
2,0.5,40,20,1,20,1,2,2.3996162530791,0,2,0,104
3,0.5,40,20,2,20,1,1,1.96633091186936,0,2,0,104
4,0.5,20,10,1,10,1,2,2.11624880257276,0,2,0,104
5,0.6,50,30,1,20,1,1,1.84964761426877,1,2,0,104
6,0.6,50,30,2,20,1,2,2.13291784508713,1,2,0,104
1,0.5,20,10,2,10,1,2,2.46651964921084,1,2,1,104
2,0.5,20,10,2,10,1,2,2.16630582291762,1,2,1,104
3,0.5,40,20,1,20,1,1,1.58298256317854,1,2,1,104
4,0.6,50,30,2,20,1,2,1.53302105191132,1,2,1,104
5,0.5,40,20,1,20,1,1,1.23303901331995,1,2,1,104
6,0.6,50,30,1,20,1,1,0.899922167229267,1,2,1,104
1,0.5,20,10,2,10,1,2,2.18297201441474,1,2,2,104
2,0.6,50,30,2,20,1,2,1.09967926056017,1,2,2,104
3,0.5,40,20,1,20,1,1,1.14975538272055,1,2,2,104
4,0.6,50,30,2,20,1,2,1.19973628090503,1,2,2,104
5,0.5,20,10,1,10,1,1,1.13304870677858,1,2,2,104
6,0.5,40,20,1,20,1,1,0.899832930389563,1,2,2,104
1,0.5,40,20,2,20,0,2,1.91626790438829,1,4,0,104
2,0.5,20,10,2,10,0,2,0.916417867895265,1,4,0,104
3,0.6,50,30,1,20,0,1,2.39979045023264,1,4,0,104
4,0.5,20,10,2,10,0,2,0.666645379071253,1,4,0,104
5,0.5,40,20,1,20,0,1,1.38327593285284,1,4,0,104
6,0.6,50,30,1,20,0,1,1.08292411732506,1,4,0,104
1,0.5,20,10,2,10,0,2,3.71623369218137,1,4,1,104
2,0.5,40,20,1,20,0,2,3.1494132606514,0,4,1,104
3,0.6,50,30,1,20,0,2,1.46644922908494,0,4,1,104
4,0.6,50,30,1,20,0,2,1.23300765213028,0,4,1,104
5,0.5,20,10,2,10,0,2,1.84962224021531,1,4,1,104
6,0.5,40,20,2,20,0,1,1.51627303621932,0,4,1,104
1,0.5,20,10,2,10,0,1,1.33323003147523,0,4,2,104
2,0.6,50,30,2,20,0,1,1.23303359638719,0,4,2,104
3,0.5,40,20,1,20,0,2,1.44966472037223,0,4,2,104
4,0.5,40,20,2,20,0,1,2.08299681826476,0,4,2,104
5,0.5,20,10,1,10,0,2,1.58302219231822,0,4,2,104
6,0.6,50,30,1,20,0,2,1.11662513684883,0,4,2,104
1,0.6,50,30,2,20,0,1,2.93278783870085,0,2,0,105
2,0.5,40,20,2,20,0,2,2.34964162713256,1,2,0,105
3,0.5,20,10,1,10,0,1,3.63271428245598,1,2,0,105
4,0.5,40,20,1,20,0,1,1.49971632378433,1,2,0,105
5,0.5,20,10,1,10,0,1,1.88295490831129,1,2,0,105
6,0.6,50,30,2,20,0,1,3.48274450323876,0,2,0,105
1,0.5,20,10,1,10,0,2,2.48284799516467,0,2,1,105
2,0.5,40,20,1,20,0,2,4.19935082337378,0,2,1,105
3,0.6,50,30,2,20,0,1,2.01630411230727,0,2,1,105
4,0.5,20,10,2,10,0,1,2.84953186296871,0,2,1,105
5,0.5,40,20,1,20,0,2,1.99966643098257,0,2,1,105
6,0.6,50,30,2,20,0,1,2.682930389563,0,2,1,105
1,0.5,20,10,1,10,0,2,0.816476313748746,0,2,2,105
2,0.5,20,10,2,10,0,1,0.94983606650853,0,2,2,105
3,0.6,50,30,1,20,0,2,1.299694941155,0,2,2,105
4,0.5,40,20,1,20,0,2,1.69961967429979,0,2,2,105
5,0.6,50,30,2,20,0,1,1.13303217087857,0,2,2,105
6,0.5,40,20,2,20,0,1,1.34967441383085,0,2,2,105
1,0.5,20,10,1,10,1,2,1.23321634659246,0,4,0,105
2,0.5,40,20,2,20,1,1,0.716438395219414,0,4,0,105
3,0.6,50,30,2,20,1,1,1.64970349420673,0,4,0,105
4,0.5,40,20,1,20,1,2,0.899948681689627,0,4,0,105
5,0.6,50,30,2,20,1,1,1.08321577638902,0,4,0,105
6,0.5,20,10,1,10,1,2,1.05000342122069,0,4,0,105
1,0.5,20,10,2,10,1,2,0.999862295867165,1,4,1,105
2,0.5,40,20,2,20,1,2,1.39989109114132,1,4,1,105
3,0.6,50,30,1,20,1,1,1.71632920125901,1,4,1,105
4,0.5,40,20,2,20,1,2,1.13301905619925,1,4,1,105
5,0.5,20,10,1,10,1,1,1.79973342988778,1,4,1,105
6,0.6,50,30,1,20,1,1,2.29952787154457,1,4,1,105
1,0.5,40,20,1,20,1,1,1.09972088541191,1,4,2,105
2,0.6,50,30,2,20,1,2,1.59968524769638,1,4,2,105
3,0.5,20,10,2,10,1,2,1.9998263730499,1,4,2,105
4,0.5,40,20,1,20,1,1,1.53306410227169,1,4,2,105
5,0.5,20,10,1,10,1,1,1.86670211431439,1,4,2,105
6,0.6,50,30,2,20,1,2,1.41639876607974,1,4,2,105
1,0.6,50,30,1,20,1,2,3.11600931712435,0,2,0,106
2,0.5,20,10,2,10,1,1,17.7309013205912,0,2,0,106
3,0.5,40,20,2,20,1,1,5.81578722288112,0,2,0,106
4,0.5,20,10,1,10,1,2,16.7310301865706,0,2,0,106
5,0.6,50,30,1,20,1,2,4.66598451327434,0,2,0,106
6,0.5,40,20,2,20,1,1,2.79947085119971,0,2,0,106
1,0.5,20,10,2,10,1,1,12.8481887487456,0,2,1,106
2,0.5,40,20,1,20,1,1,6.2156977009397,1,2,1,106
3,0.5,40,20,1,20,1,1,1.71629014232278,1,2,1,106
4,0.6,50,30,1,20,1,2,7.58224814113676,0,2,1,106
5,0.5,20,10,2,10,1,1,1.54964846957394,0,2,1,106
6,0.6,50,30,2,20,1,2,5.68235505428337,1,2,1,106
1,0.5,20,10,2,10,1,2,2.6662821594745,1,2,2,106
2,0.5,20,10,1,10,1,2,4.36598394307089,0,2,2,106
3,0.6,50,30,2,20,1,2,6.86569827114314,1,2,2,106
4,0.5,40,20,2,20,1,2,4.09933742359274,1,2,2,106
5,0.6,50,30,1,20,1,1,2.56618779080376,1,2,2,106
6,0.5,40,20,1,20,1,1,14.2482263821732,1,2,2,106
1,0.5,40,20,1,20,0,2,6.96552892071891,0,4,0,106
2,0.5,20,10,2,10,0,2,2.49951618237387,1,4,0,106
3,0.5,40,20,2,20,0,1,4.39939529924277,0,4,0,106
4,0.5,20,10,2,10,0,1,0.749803564911961,0,4,0,106
5,0.6,50,30,1,20,0,1,3.84957206231183,1,4,0,106
6,0.6,50,30,1,20,0,2,1.69970206869811,0,4,0,106
1,0.6,50,30,1,20,0,2,1.98294236383542,0,4,1,106
2,0.5,20,10,2,10,0,1,1.46658436730225,0,4,1,106
3,0.6,50,30,2,20,0,1,2.23294407444576,0,4,1,106
4,0.5,20,10,1,10,0,2,1.96631722698659,0,4,1,106
5,0.5,40,20,2,20,0,1,2.24975737843262,0,4,1,106
6,0.5,40,20,1,20,0,1,3.49949993157559,1,4,1,106
1,0.5,40,20,1,20,0,2,1.98299054602682,0,4,2,106
2,0.6,50,30,2,20,0,1,2.01629755496761,0,4,2,106
3,0.5,20,10,1,10,0,2,3.11608886050543,0,4,2,106
4,0.6,50,30,2,20,0,1,6.08263816029559,0,4,2,106
5,0.5,40,20,2,20,0,1,1.6330700894079,0,4,2,106
6,0.5,20,10,1,10,0,2,1.93294521485266,0,4,2,106
1,0.5,20,10,1,10,0,1,2.4663924938418,1,2,0,107
2,0.5,40,20,1,20,0,2,3.43274564364565,0,2,0,107
3,0.5,20,10,1,10,0,1,6.78237814752304,1,2,0,107
4,0.6,50,30,2,20,0,2,1.86651309187118,1,2,0,107
5,0.6,50,30,2,20,0,2,2.2995469733601,1,2,0,107
6,0.5,40,20,2,20,0,1,2.13305070249065,0,2,0,107
1,0.6,50,30,1,20,0,2,1.81634602226074,0,2,1,107
2,0.6,50,30,2,20,0,1,1.83288135206642,0,2,1,107
3,0.5,20,10,1,10,0,2,0.883083774290667,0,2,1,107
4,0.5,20,10,2,10,0,1,1.01635229449868,0,2,1,107
5,0.5,40,20,1,20,0,2,0.982935806495758,0,2,1,107
6,0.5,40,20,2,20,0,2,2.14979073533437,1,2,1,107
1,0.6,50,30,1,20,0,2,2.03292953425782,0,2,2,107
2,0.5,40,20,1,20,0,2,1.53297401012681,0,2,2,107
3,0.6,50,30,2,20,0,1,1.44988538910683,0,2,2,107
4,0.5,20,10,2,10,0,1,0.699775339841255,0,2,2,107
5,0.5,20,10,2,10,0,1,0.883083489188943,0,2,2,107
6,0.5,40,20,1,20,0,2,1.11642556564182,0,2,2,107
1,0.5,20,10,2,10,1,1,0.699701213392939,0,4,0,107
2,0.5,40,20,2,20,1,1,0.84976963780677,0,4,0,107
3,0.6,50,30,1,20,1,2,1.19995866024998,0,4,0,107
4,0.6,50,30,1,20,1,2,1.19970720052915,0,4,0,107
5,0.5,40,20,1,20,1,2,0.966401046893532,0,4,0,107
6,0.5,20,10,2,10,1,1,0.666546733874646,0,4,0,107
1,0.6,50,30,2,20,1,2,1.26639448955387,1,4,1,107
2,0.6,50,30,1,20,1,1,1.06633860961591,1,4,1,107
3,0.5,20,10,1,10,1,2,2.11630724842624,0,4,1,107
4,0.5,40,20,2,20,1,1,0.783111999361372,0,4,1,107
5,0.5,40,20,2,20,1,1,1.33313965422863,0,4,1,107
6,0.5,20,10,1,10,1,2,0.733015920080285,0,4,1,107
1,0.5,20,10,2,10,1,1,1.98293238527507,0,4,2,107
2,0.6,50,30,2,20,1,2,1.34980983714989,1,4,2,107
3,0.6,50,30,1,20,1,1,2.232877645744,1,4,2,107
4,0.5,20,10,2,10,1,1,2.66634402654867,0,4,2,107
5,0.5,40,20,1,20,1,1,1.9162704703038,1,4,2,107
6,0.5,40,20,1,20,1,1,1.36630781862969,1,4,2,107
1,0.6,50,30,2,20,1,1,3.56612841423181,0,2,0,108
2,0.5,40,20,2,20,1,1,1.24967783541895,0,2,0,108
3,0.6,50,30,1,20,1,2,5.26589126688798,0,2,0,108
4,0.5,20,10,1,10,1,2,1.56638443528825,0,2,0,108
5,0.5,20,10,2,10,1,1,1.33304233983859,0,2,0,108
6,0.5,40,20,1,20,1,2,2.28297425762447,0,2,0,108
1,0.6,50,30,1,20,1,1,1.14963575445243,1,2,1,108
2,0.5,20,10,2,10,1,2,1.44991880312152,1,2,1,108
3,0.5,40,20,1,20,1,1,1.64966854111333,1,2,1,108
4,0.6,50,30,2,20,1,2,2.28310141284849,1,2,1,108
5,0.5,20,10,1,10,1,1,1.71621120767812,1,2,1,108
6,0.5,40,20,2,20,1,2,6.39888764838102,1,2,1,108
1,0.5,40,20,1,20,1,1,0.883073358870816,1,2,2,108
2,0.5,40,20,2,20,1,2,1.23302905411339,1,2,2,108
3,0.5,20,10,2,10,1,2,1.19975201880301,1,2,2,108
4,0.5,20,10,1,10,1,1,0.516518489966141,1,2,2,108
5,0.6,50,30,1,20,1,1,1.14972898260996,1,2,2,108
6,0.6,50,30,2,20,1,2,0.799735368881296,1,2,2,108
1,0.5,20,10,2,10,0,1,1.19991937332432,0,4,0,108
2,0.5,40,20,2,20,0,1,0.566323138487434,0,4,0,108
3,0.6,50,30,1,20,0,2,0.8830448487309,0,4,0,108
4,0.5,40,20,2,20,0,1,1.01661086281947,0,4,0,108
5,0.6,50,30,1,20,0,1,2.88287834951379,1,4,0,108
6,0.5,20,10,1,10,0,2,0.633223037105377,0,4,0,108
1,0.5,40,20,2,20,0,1,1.1331121326611,0,4,1,108
2,0.6,50,30,2,20,0,1,1.29967891880426,0,4,1,108
3,0.5,20,10,2,10,0,1,0.683169951224853,0,4,1,108
4,0.5,20,10,1,10,0,2,0.799785546727549,0,4,1,108
5,0.5,40,20,1,20,0,2,0.533190649586432,0,4,1,108
6,0.6,50,30,1,20,0,2,1.53310911058627,0,4,1,108
1,0.5,40,20,1,20,0,2,0.666673984269245,0,4,2,108
2,0.6,50,30,1,20,0,2,2.01625448607052,0,4,2,108
3,0.5,20,10,2,10,0,1,0.449963849142586,0,4,2,108
4,0.6,50,30,2,20,0,1,0.966468654241568,0,4,2,108
5,0.5,40,20,2,20,0,1,0.700021439625217,0,4,2,108
6,0.5,20,10,1,10,0,2,0.633076209884808,0,4,2,108
1,0.5,40,20,1,20,0,2,2.91618674597807,0,2,0,109
2,0.6,50,30,1,20,0,2,1.64987324391793,0,2,0,109
3,0.6,50,30,2,20,0,1,3.08297733671958,0,2,0,109
4,0.5,20,10,2,10,0,1,1.24972088573022,0,2,0,109
5,0.5,40,20,1,20,0,2,1.61633277491473,0,2,0,109
6,0.5,20,10,2,10,0,2,1.48304045816935,1,2,0,109
1,0.5,40,20,2,20,0,1,1.53322030013194,0,2,1,109
2,0.5,20,10,2,10,0,1,1.46637970260503,0,2,1,109
3,0.5,20,10,1,10,0,2,3.16604989730648,0,2,1,109
4,0.6,50,30,1,20,0,2,1.39991230280962,0,2,1,109
5,0.6,50,30,2,20,0,1,1.29991897418236,0,2,1,109
6,0.5,40,20,1,20,0,2,1.31631629605385,0,2,1,109
1,0.6,50,30,2,20,0,1,4.78272621940719,0,2,2,109
2,0.6,50,30,1,20,0,2,0.883072218465219,0,2,2,109
3,0.5,20,10,2,10,0,1,1.64969591084765,0,2,2,109
4,0.5,40,20,1,20,0,2,0.899429626140833,0,2,2,109
5,0.5,20,10,2,10,0,1,0.982946089606229,0,2,2,109
6,0.5,40,20,1,20,0,2,0.883213058556406,0,2,2,109
1,0.5,40,20,2,20,1,1,2.69950854220812,0,4,0,109
2,0.6,50,30,2,20,1,1,0.550033299843422,0,4,0,109
3,0.6,50,30,1,20,1,2,0.766648781305559,0,4,0,109
4,0.5,40,20,1,20,1,2,0.733087214798815,0,4,0,109
5,0.5,20,10,1,10,1,2,0.6832902640153,0,4,0,109
6,0.5,20,10,2,10,1,1,0.56646112756463,0,4,0,109
1,0.5,20,10,1,10,1,1,1.46630614644404,1,4,1,109
2,0.5,40,20,2,20,1,2,0.96658383520683,1,4,1,109
3,0.5,40,20,1,20,1,1,1.48308835520441,1,4,1,109
4,0.6,50,30,1,20,1,1,4.1329071447551,1,4,1,109
5,0.6,50,30,2,20,1,2,3.24947569852694,1,4,1,109
6,0.5,20,10,2,10,1,2,1.18320273788576,1,4,1,109
1,0.6,50,30,1,20,1,2,1.16642993747156,0,4,2,109
2,0.6,50,30,2,20,1,1,0.849808297819202,0,4,2,109
3,0.5,20,10,1,10,1,1,5.36587889348726,1,4,2,109
4,0.5,40,20,2,20,1,2,0.966646272413247,1,4,2,109
5,0.5,20,10,1,10,1,1,1.09959988869641,1,4,2,109
6,0.5,40,20,2,20,1,2,0.700031703275587,1,4,2,109
1,0.5,20,10,1,10,1,2,5.98241294998979,0,2,0,110
2,0.5,20,10,1,10,1,2,2.51617950440254,0,2,0,110
3,0.5,40,20,2,20,1,1,2.71630443583565,0,2,0,110
4,0.6,50,30,2,20,1,1,4.4328144297801,0,2,0,110
5,0.5,40,20,1,20,1,2,0.916404563447036,0,2,0,110
6,0.6,50,30,2,20,1,1,2.99951276170883,0,2,0,110
1,0.5,20,10,2,10,1,2,1.5163283273329,1,2,1,110
2,0.6,50,30,2,20,1,2,1.13306537603164,1,2,1,110
3,0.5,40,20,2,20,1,2,1.06635364433714,1,2,1,110
4,0.5,20,10,1,10,1,1,1.29965981701052,1,2,1,110
5,0.6,50,30,1,20,1,1,0.899591278634159,1,2,1,110
6,0.5,40,20,1,20,1,1,2.21646067140239,1,2,1,110
1,0.5,20,10,2,10,1,2,1.86648501906188,1,2,2,110
2,0.6,50,30,1,20,1,1,1.64984786989341,1,2,2,110
3,0.5,40,20,1,20,1,1,0.84982625920735,1,2,2,110
4,0.5,40,20,1,20,1,1,0.732967757312566,1,2,2,110
5,0.5,20,10,2,10,1,2,1.46637685159104,1,2,2,110
6,0.6,50,30,2,20,1,2,2.14954908362708,1,2,2,110
1,0.5,40,20,2,20,0,1,1.69958951100548,0,4,0,110
2,0.5,40,20,1,20,0,2,0.533152731100343,0,4,0,110
3,0.6,50,30,1,20,0,2,2.81622021688234,0,4,0,110
4,0.5,20,10,1,10,0,1,1.99979358658701,1,4,0,110
5,0.5,20,10,2,10,0,2,0.949795924418479,1,4,0,110
6,0.6,50,30,2,20,0,1,2.48279127954648,0,4,0,110
1,0.6,50,30,2,20,0,1,4.33276892759679,0,4,1,110
2,0.5,20,10,2,10,0,1,1.08313015106953,0,4,1,110
3,0.5,40,20,1,20,0,2,1.61646050034155,0,4,1,110
4,0.5,40,20,2,20,0,1,1.19972750008268,0,4,1,110
5,0.5,20,10,1,10,0,2,1.11623327452642,0,4,1,110
6,0.6,50,30,1,20,0,2,1.38315461276958,0,4,1,110
1,0.5,40,20,2,20,0,1,1.38305967400366,0,4,2,110
2,0.6,50,30,2,20,0,1,1.93306931043095,0,4,2,110
3,0.6,50,30,2,20,0,1,1.01637280315117,0,4,2,110
4,0.5,20,10,1,10,0,2,1.6996847348728,0,4,2,110
5,0.5,20,10,1,10,0,2,3.44957782184812,0,4,2,110
6,0.5,40,20,1,20,0,2,1.43293246175935,0,4,2,110
1,0.5,20,10,2,10,0,1,3.26641324903058,0,2,0,111
2,0.5,40,20,1,20,0,2,1.48310043828726,0,2,0,111
3,0.6,50,30,2,20,0,1,2.19955883321449,0,2,0,111
4,0.6,50,30,2,20,0,1,0.849675995868302,0,2,0,111
5,0.5,20,10,1,10,0,2,1.14973156224189,0,2,0,111
6,0.5,40,20,1,20,0,2,1.18294736704056,0,2,0,111
1,0.5,20,10,1,10,0,2,1.24963328759347,0,2,1,111
2,0.6,50,30,2,20,0,1,0.866406634664921,0,2,1,111
3,0.6,50,30,2,20,0,1,1.41629819613134,0,2,1,111
4,0.5,40,20,1,20,0,2,1.33315590487516,0,2,1,111
5,0.5,40,20,2,20,0,1,5.99902124494336,0,2,1,111
6,0.5,20,10,1,10,0,2,1.01643983478911,0,2,1,111
1,0.5,40,20,1,20,0,2,4.69948057272424,0,2,2,111
2,0.5,40,20,1,20,0,2,1.18328236185313,0,2,2,111
3,0.6,50,30,2,20,0,1,0.916379592743243,0,2,2,111
4,0.5,20,10,1,10,0,2,1.01648345539024,0,2,2,111
5,0.6,50,30,2,20,0,1,0.666499121743387,0,2,2,111
6,0.5,20,10,2,10,0,1,0.8331671664029,0,2,2,111
1,0.5,40,20,2,20,1,1,1.11635068340367,0,4,0,111
2,0.5,20,10,1,10,1,2,3.01617069853118,0,4,0,111
3,0.6,50,30,1,20,1,2,1.8997216549485,0,4,0,111
4,0.5,20,10,2,10,1,1,1.54965606724073,0,4,0,111
5,0.5,40,20,2,20,1,1,1.74948118569347,0,4,0,111
6,0.6,50,30,1,20,1,2,1.51653149507187,0,4,0,111
1,0.5,40,20,2,20,1,2,1.0830373737319,1,4,1,111
2,0.5,20,10,1,10,1,1,1.44966852619674,1,4,1,111
3,0.6,50,30,2,20,1,2,1.416516014035,1,4,1,111
4,0.5,20,10,1,10,1,1,1.39987632276622,1,4,1,111
5,0.5,40,20,1,20,1,1,1.61641183777584,1,4,1,111
6,0.6,50,30,2,20,1,2,0.81645505923421,1,4,1,111
1,0.6,50,30,1,20,1,1,0.916222216456827,1,4,2,111
2,0.5,20,10,2,10,1,2,1.7663486734348,1,4,2,111
3,0.5,40,20,2,20,1,2,1.34967300229764,1,4,2,111
4,0.5,40,20,1,20,1,1,0.966566377297672,1,4,2,111
5,0.6,50,30,1,20,1,1,0.816430825566918,1,4,2,111
6,0.5,20,10,2,10,1,2,1.18301493620701,1,4,2,111
1,0.5,20,10,2,10,1,1,1.66629413342829,0,2,0,112
2,0.6,50,30,2,20,1,1,3.74957156301737,0,2,0,112
3,0.5,40,20,2,20,1,1,2.94951784980657,0,2,0,112
4,0.6,50,30,1,20,1,2,2.26591403548436,0,2,0,112
5,0.5,20,10,1,10,1,2,1.0666967544277,0,2,0,112
6,0.5,40,20,1,20,1,2,2.0496402440815,0,2,0,112
1,0.5,40,20,1,20,1,1,2.31603239556644,1,2,1,112
2,0.5,20,10,1,10,1,1,1.64986313680019,1,2,1,112
3,0.6,50,30,1,20,1,1,2.29962107097414,1,2,1,112
4,0.6,50,30,2,20,1,2,2.24961104963996,1,2,1,112
5,0.5,40,20,2,20,1,2,1.69969496940428,1,2,1,112
6,0.5,20,10,2,10,1,2,1.63318837798933,1,2,1,112
1,0.5,40,20,1,20,1,1,1.08305362454409,1,2,2,112
2,0.6,50,30,2,20,1,2,1.89961474171045,1,2,2,112
3,0.5,40,20,1,20,1,1,1.36642359823203,1,2,2,112
4,0.5,20,10,2,10,1,2,1.46638148867133,1,2,2,112
5,0.5,20,10,1,10,1,1,1.16639805309568,1,2,2,112
6,0.6,50,30,2,20,1,2,1.63298025355258,1,2,2,112
1,0.5,20,10,1,10,0,2,3.53295450884486,0,4,0,112
2,0.5,40,20,2,20,0,1,1.83306139357272,0,4,0,112
3,0.6,50,30,2,20,0,1,1.81653830900891,0,4,0,112
4,0.6,50,30,2,20,0,1,0.966428102843122,0,4,0,112
5,0.5,20,10,1,10,0,2,1.1830642588475,0,4,0,112
6,0.5,40,20,1,20,0,2,1.46632760439935,0,4,0,112
1,0.5,40,20,1,20,0,2,0.966663311966842,0,4,1,112
2,0.5,20,10,2,10,0,1,0.766399991789063,0,4,1,112
3,0.6,50,30,1,20,0,2,1.33299767328284,0,4,1,112
4,0.5,20,10,2,10,0,1,1.89958309539198,0,4,1,112
5,0.6,50,30,1,20,0,2,1.44991114797163,0,4,1,112
6,0.5,40,20,2,20,0,1,0.916324568063391,0,4,1,112
1,0.5,20,10,2,10,0,1,1.71649146675554,0,4,2,112
2,0.6,50,30,1,20,0,2,1.06635634267774,0,4,2,112
3,0.5,40,20,1,20,0,2,1.24971340124652,0,4,2,112
4,0.5,40,20,2,20,0,1,1.26657433164258,0,4,2,112
5,0.5,20,10,1,10,0,2,1.01657440291808,0,4,2,112
6,0.6,50,30,2,20,0,1,0.716440148401276,0,4,2,112
1,0.5,20,10,2,10,0,1,2.2162618171202,0,2,0,113
2,0.5,40,20,1,20,0,2,6.51600491173671,0,2,0,113
3,0.5,40,20,1,20,0,2,4.66592179025789,0,2,0,113
4,0.6,50,30,2,20,0,1,4.58293402426845,0,2,0,113
5,0.5,20,10,2,10,0,1,4.56593396411193,0,2,0,113
6,0.6,50,30,1,20,0,2,3.08268213667959,0,2,0,113
1,0.5,40,20,2,20,0,1,1.0167075455372,0,2,1,113
2,0.6,50,30,2,20,0,1,0.999858019219864,0,2,1,113
3,0.5,40,20,1,20,0,2,3.08281556440069,0,2,1,113
4,0.6,50,30,1,20,0,2,2.0996089256303,0,2,1,113
5,0.5,20,10,2,10,0,1,3.03277133083033,0,2,1,113
6,0.5,20,10,1,10,0,2,0.966639933605454,0,2,1,113
1,0.5,20,10,2,10,0,1,1.88317718773708,0,2,2,113
2,0.5,40,20,1,20,0,2,1.98293465149278,0,2,2,113
3,0.6,50,30,2,20,0,1,1.16661273487769,0,2,2,113
4,0.5,40,20,1,20,0,2,2.29948764325305,0,2,2,113
5,0.5,20,10,2,10,0,1,13.9650171332028,0,2,2,113
6,0.6,50,30,1,20,0,2,3.74939080836957,0,2,2,113
1,0.6,50,30,1,20,1,2,0.93311194215167,0,4,0,113
2,0.5,40,20,1,20,1,2,1.43328000976189,0,4,0,113
3,0.5,40,20,2,20,1,2,2.83316403028125,1,4,0,113
4,0.5,20,10,1,10,1,1,2.13312750871913,1,4,0,113
5,0.5,20,10,2,10,1,2,1.41655621341251,1,4,0,113
6,0.6,50,30,2,20,1,2,2.18296190724093,1,4,0,113
1,0.5,20,10,2,10,1,2,1.2166270327414,1,4,1,113
2,0.6,50,30,1,20,1,1,3.79960211169326,1,4,1,113
3,0.5,40,20,2,20,1,2,3.36605182526557,1,4,1,113
4,0.5,40,20,1,20,1,1,4.04936939721176,1,4,1,113
5,0.5,20,10,1,10,1,1,1.23306202079705,1,4,1,113
6,0.6,50,30,2,20,1,2,4.63267576465061,1,4,1,113
1,0.5,20,10,1,10,1,1,1.39983042134935,1,4,2,113
2,0.6,50,30,2,20,1,2,2.21619481815769,1,4,2,113
3,0.6,50,30,1,20,1,1,1.3997565799396,1,4,2,113
4,0.5,40,20,1,20,1,1,1.56636589359367,1,4,2,113
5,0.5,40,20,2,20,1,2,0.766356086085969,1,4,2,113
6,0.5,20,10,2,10,1,2,1.68301964038948,1,4,2,113
1,0.5,20,10,2,10,1,1,1.63286678296926,0,2,0,114
2,0.5,20,10,1,10,1,2,1.2830409660167,0,2,0,114
3,0.6,50,30,2,20,1,1,9.89867304990967,0,2,0,114
4,0.5,40,20,2,20,1,1,4.31605491862192,0,2,0,114
5,0.5,40,20,1,20,1,2,0.949985987238266,0,2,0,114
6,0.6,50,30,1,20,1,2,2.04955385818515,0,2,0,114
1,0.5,20,10,2,10,1,2,0.816337312121367,1,2,1,114
2,0.5,20,10,2,10,1,2,0.966578921784271,1,2,1,114
3,0.6,50,30,1,20,1,1,1.48294049608313,1,2,1,114
4,0.6,50,30,2,20,1,2,1.63289985479757,1,2,1,114
5,0.5,40,20,1,20,1,1,0.683232896661656,1,2,1,114
6,0.5,40,20,1,20,1,1,0.583146140132749,1,2,1,114
1,0.5,20,10,1,10,1,1,0.566531537837165,1,2,2,114
2,0.5,20,10,1,10,1,1,0.633320665302549,1,2,2,114
3,0.6,50,30,1,20,1,1,1.53323134285593,1,2,2,114
4,0.5,40,20,2,20,1,2,0.916274960320934,1,2,2,114
5,0.5,40,20,2,20,1,2,0.566751351454605,1,2,2,114
6,0.6,50,30,2,20,1,2,1.78297011817762,1,2,2,114
1,0.5,40,20,2,20,0,1,0.866596512575705,0,4,0,114
2,0.5,20,10,2,10,0,1,0.46650151659992,0,4,0,114
3,0.6,50,30,1,20,0,2,1.58304179281241,0,4,0,114
4,0.5,40,20,1,20,0,2,1.03301993974655,0,4,0,114
5,0.5,20,10,1,10,0,2,1.04995186053268,0,4,0,114
6,0.6,50,30,2,20,0,1,0.866403498543271,0,4,0,114
1,0.5,40,20,1,20,0,2,0.683113438937003,0,4,1,114
2,0.6,50,30,1,20,0,2,1.4997387040462,0,4,1,114
3,0.5,20,10,2,10,0,1,1.54970596008515,0,4,1,114
4,0.6,50,30,2,20,0,1,0.899746458819729,0,4,1,114
5,0.5,20,10,2,10,0,1,0.583115064018221,0,4,1,114
6,0.5,40,20,1,20,0,2,0.633208050025132,0,4,1,114
1,0.6,50,30,1,20,0,2,1.53309249819744,0,4,2,114
2,0.5,20,10,1,10,0,2,0.983282760995884,0,4,2,114
3,0.6,50,30,2,20,0,1,1.01646663437412,0,4,2,114
4,0.5,40,20,2,20,0,1,0.866648401133908,0,4,2,114
5,0.5,20,10,2,10,0,1,0.683141093827913,0,4,2,114
6,0.5,40,20,1,20,0,2,0.550030121022934,0,4,2,114
1,0.5,40,20,2,20,0,1,2.04956070063238,0,2,0,115
2,0.5,40,20,1,20,0,2,1.8328780730072,0,2,0,115
3,0.6,50,30,1,20,0,2,4.3660720675053,0,2,0,115
4,0.6,50,30,2,20,0,1,2.38289593464551,0,2,0,115
5,0.5,20,10,1,10,0,2,0.999950962461479,0,2,0,115
6,0.5,20,10,2,10,0,1,0.816507517996349,0,2,0,115
1,0.6,50,30,1,20,0,2,5.7826194427568,0,2,1,115
2,0.5,40,20,1,20,0,2,2.31622968612839,0,2,1,115
3,0.5,20,10,1,10,0,2,3.79924801504882,0,2,1,115
4,0.5,40,20,2,20,0,1,1.16633447535678,0,2,1,115
5,0.6,50,30,2,20,0,1,1.64958601768716,0,2,1,115
6,0.5,20,10,2,10,0,1,5.43243126120273,0,2,1,115
1,0.5,20,10,1,10,0,2,4.56591001554661,0,2,2,115
2,0.5,40,20,1,20,0,2,1.11648724724641,0,2,2,115
3,0.6,50,30,2,20,0,1,6.31579804174862,0,2,2,115
4,0.6,50,30,1,20,0,2,3.88293998289958,0,2,2,115
5,0.5,20,10,2,10,0,1,1.14977375733318,0,2,2,115
6,0.5,40,20,2,20,0,1,1.54993689267935,0,2,2,115
1,0.5,40,20,2,20,1,1,2.19967829093915,0,4,0,115
2,0.5,20,10,2,10,1,1,1.49967655181714,0,4,0,115
3,0.6,50,30,1,20,1,2,1.76653798114165,0,4,0,115
4,0.5,40,20,1,20,1,2,0.933143873572102,0,4,0,115
5,0.5,20,10,2,10,1,1,0.783094707737696,0,4,0,115
6,0.6,50,30,1,20,1,2,1.63323456450817,0,4,0,115
1,0.5,40,20,2,20,1,2,1.21646823094514,1,4,1,115
2,0.6,50,30,1,20,1,1,2.33312824998425,1,4,1,115
3,0.6,50,30,1,20,1,1,1.46653430332626,1,4,1,115
4,0.5,20,10,2,10,1,2,1.46633815317217,1,4,1,115
5,0.5,40,20,2,20,1,2,1.68317245504441,1,4,1,115
6,0.5,20,10,1,10,1,1,2.26627839579965,1,4,1,115
1,0.5,40,20,1,20,1,1,1.8996580772096,1,4,2,115
2,0.5,20,10,1,10,1,1,1.41623661410622,1,4,2,115
3,0.6,50,30,2,20,1,2,0.966401588360085,1,4,2,115
4,0.5,40,20,1,20,1,1,1.1664855793999,1,4,2,115
5,0.6,50,30,2,20,1,2,1.38300541380127,1,4,2,115
6,0.5,20,10,2,10,1,2,0.966578636682303,1,4,2,115
1,0.5,20,10,2,10,1,1,3.33264044051675,0,2,0,116
2,0.6,50,30,1,20,1,2,2.44964030110189,0,2,0,116
3,0.6,50,30,1,20,1,2,1.6498970639344,0,2,0,116
4,0.5,40,20,1,20,1,2,2.1995739436188,0,2,0,116
5,0.5,20,10,2,10,1,1,1.56654778864935,0,2,0,116
6,0.5,40,20,2,20,1,1,1.88296022513932,0,2,0,116
1,0.5,20,10,2,10,1,2,1.26661025449057,1,2,1,116
2,0.5,40,20,1,20,1,1,1.83301349644207,1,2,1,116
3,0.6,50,30,1,20,1,1,1.93295371055935,1,2,1,116
4,0.5,40,20,2,20,1,2,2.28294973338689,1,2,1,116
5,0.6,50,30,1,20,1,1,1.76654881501643,1,2,1,116
6,0.5,20,10,2,10,1,2,3.28277496588042,1,2,1,116
1,0.5,20,10,2,10,1,2,1.64992414862138,1,2,2,116
2,0.5,40,20,1,20,1,1,1.89985736348534,1,2,2,116
3,0.6,50,30,1,20,1,1,1.86665096705162,1,2,2,116
4,0.6,50,30,2,20,1,2,2.51622729127186,1,2,2,116
5,0.5,20,10,2,10,1,2,3.49960099979558,1,2,2,116
6,0.5,40,20,1,20,1,1,2.3329452145207,1,2,2,116
1,0.5,40,20,2,20,0,1,1.26636535189993,0,4,0,116
2,0.6,50,30,1,20,0,2,0.933044943189156,0,4,0,116
3,0.5,20,10,2,10,0,2,2.16630168863045,1,4,0,116
4,0.6,50,30,1,20,0,1,2.14962664471762,1,4,0,116
5,0.5,20,10,1,10,0,2,5.11609608734612,0,4,0,116
6,0.5,40,20,2,20,0,1,0.516493861612075,0,4,0,116
1,0.5,20,10,1,10,0,2,1.48290999017254,0,4,1,116
2,0.5,20,10,2,10,0,1,1.66655956336063,0,4,1,116
3,0.5,40,20,2,20,0,1,2.84955397222594,0,4,1,116
4,0.6,50,30,1,20,0,2,0.899921796530138,0,4,1,116
5,0.6,50,30,1,20,0,2,1.69972176898929,0,4,1,116
6,0.5,40,20,2,20,0,1,2.19957337341487,0,4,1,116
1,0.6,50,30,1,20,0,2,1.29969434217995,0,4,2,116
2,0.6,50,30,1,20,0,2,1.16635614310636,0,4,2,116
3,0.5,20,10,2,10,0,1,1.66650824500637,0,4,2,116
4,0.5,20,10,2,10,0,1,1.14996021402035,0,4,2,116
5,0.5,40,20,1,20,0,2,1.34966045781104,0,4,2,116
6,0.5,40,20,2,20,0,1,0.83312725212736,0,4,2,116
1,0.6,50,30,2,20,0,1,5.18257815999181,0,2,0,117
2,0.6,50,30,2,20,0,1,2.93282484446975,0,2,0,117
3,0.5,20,10,1,10,0,2,3.96609652925417,0,2,0,117
4,0.5,40,20,1,20,0,2,3.34943551235817,0,2,0,117
5,0.5,20,10,1,10,0,2,1.8996178778321,0,2,0,117
6,0.5,40,20,2,20,0,1,2.03293583466595,0,2,0,117
1,0.6,50,30,2,20,0,1,1.29956519098838,0,2,1,117
2,0.5,40,20,1,20,0,2,1.48302887769325,0,2,1,117
3,0.5,20,10,2,10,0,1,12.0485987665919,0,2,1,117
4,0.5,20,10,1,10,0,2,9.71535932684004,0,2,1,117
5,0.5,40,20,1,20,0,2,1.65000226656065,0,2,1,117
6,0.6,50,30,2,20,0,1,0.866360448146082,0,2,1,117
1,0.5,40,20,2,20,0,1,3.24935075154304,0,2,2,117
2,0.6,50,30,1,20,0,2,1.44972554659037,0,2,2,117
3,0.5,20,10,1,10,0,2,2.84949495611853,0,2,2,117
4,0.6,50,30,2,20,0,1,1.8998818822546,0,2,2,117
5,0.5,20,10,1,10,0,2,1.08312432983219,0,2,2,117
6,0.5,40,20,2,20,0,1,2.19980430600907,0,2,2,117
1,0.5,40,20,2,20,1,1,2.98287192905979,0,4,0,117
2,0.6,50,30,1,20,1,2,1.11658503722149,0,4,0,117
3,0.5,20,10,2,10,1,1,1.53302008229753,0,4,0,117
4,0.6,50,30,1,20,1,2,1.43319561957932,0,4,0,117
5,0.5,40,20,1,20,1,2,5.14907696812303,0,4,0,117
6,0.5,20,10,2,10,1,1,1.11664804475645,0,4,0,117
1,0.6,50,30,2,20,1,2,1.36628845989913,1,4,1,117
2,0.5,20,10,1,10,1,1,1.7663817452631,1,4,1,117
3,0.5,20,10,1,10,1,1,3.94961763549542,1,4,1,117
4,0.5,40,20,1,20,1,1,2.31644123178876,1,4,1,117
5,0.6,50,30,2,20,1,2,1.18303688905856,1,4,1,117
6,0.5,40,20,2,20,1,2,1.66631722668771,1,4,1,117
1,0.6,50,30,2,20,1,2,1.9161392517841,1,4,2,117
2,0.5,40,20,2,20,1,2,1.08295383885524,1,4,2,117
3,0.5,40,20,1,20,1,1,2.29975649440901,1,4,2,117
4,0.5,20,10,2,10,1,2,1.84962296690223,1,4,2,117
5,0.6,50,30,1,20,1,1,4.18268763914758,1,4,2,117
6,0.5,20,10,1,10,1,1,2.19957764994439,1,4,2,117
1,0.5,40,20,2,20,1,1,3.71603929503407,0,2,0,118
2,0.5,20,10,2,10,1,2,3.78273063252438,1,2,0,118
3,0.6,50,30,1,20,1,2,3.33275932803747,0,2,0,118
4,0.5,20,10,2,10,1,2,4.58253459641108,1,2,0,118
5,0.6,50,30,1,20,1,2,5.9659861947925,0,2,0,118
6,0.5,40,20,1,20,1,2,4.41592300194126,0,2,0,118
1,0.5,20,10,2,10,1,2,1.09993166105824,1,2,1,118
2,0.6,50,30,2,20,1,2,4.59948818494679,1,2,1,118
3,0.5,40,20,1,20,1,1,1.86629145346979,1,2,1,118
4,0.6,50,30,1,20,1,1,4.11630250117106,1,2,1,118
5,0.5,20,10,2,10,1,2,1.58301869955299,1,2,1,118
6,0.5,40,20,1,20,1,1,2.4161875765677,1,2,1,118
1,0.5,20,10,2,10,1,2,1.99952616052894,1,2,2,118
2,0.5,20,10,2,10,1,2,6.56568820621539,1,2,2,118
3,0.5,40,20,1,20,1,1,2.71619895213623,1,2,2,118
4,0.6,50,30,2,20,1,2,2.39959749304137,1,2,2,118
5,0.6,50,30,1,20,1,1,2.29980296602982,1,2,2,118
6,0.5,40,20,1,20,1,1,2.68306468650045,1,2,2,118
1,0.6,50,30,2,20,0,2,2.59955717962308,1,4,0,118
2,0.5,40,20,2,20,0,2,1.51633762573353,1,4,0,118
3,0.5,20,10,1,10,0,2,2.21625183855132,0,4,0,118
4,0.5,20,10,2,10,0,2,3.66600361452275,1,4,0,118
5,0.6,50,30,1,20,0,2,3.46609496119335,0,4,0,118
6,0.5,40,20,1,20,0,1,2.8161633999208,1,4,0,118
1,0.5,20,10,2,10,0,1,1.19973816235246,0,4,1,118
2,0.5,40,20,1,20,0,2,1.81622441174198,0,4,1,118
3,0.6,50,30,1,20,0,2,1.3665992210444,0,4,1,118
4,0.5,20,10,2,10,0,1,1.06639682715722,0,4,1,118
5,0.5,40,20,2,20,0,1,1.03300568464814,0,4,1,118
6,0.6,50,30,1,20,0,2,2.1830839308833,0,4,1,118
1,0.5,20,10,2,10,0,1,0.883085955107274,0,4,2,118
2,0.5,40,20,1,20,0,2,0.849992459052943,0,4,2,118
3,0.5,40,20,1,20,0,2,1.0506443732133,0,4,2,118
4,0.6,50,30,1,20,0,2,1.93333745780847,0,4,2,118
5,0.6,50,30,2,20,0,1,0.73317306801364,0,4,2,118
6,0.5,20,10,2,10,0,1,1.28326819228531,0,4,2,118
1,0.6,50,30,1,20,0,2,5.29917973312745,0,2,0,119
2,0.5,20,10,1,10,0,2,4.36619637196341,0,2,0,119
3,0.5,20,10,2,10,0,1,2.61621226639814,0,2,0,119
4,0.5,40,20,2,20,0,2,2.49980541790674,1,2,0,119
5,0.5,40,20,2,20,0,1,0.81644593597123,0,2,0,119
6,0.6,50,30,1,20,0,1,1.28324623943376,1,2,0,119
1,0.6,50,30,2,20,0,1,6.68218913835628,0,2,1,119
2,0.5,40,20,2,20,0,1,1.91636334193106,0,2,1,119
3,0.5,20,10,1,10,0,2,1.34972717167158,0,2,1,119
4,0.5,40,20,1,20,0,2,6.2157597525543,0,2,1,119
5,0.5,20,10,1,10,0,2,1.61611618703487,0,2,1,119
6,0.6,50,30,2,20,0,1,3.06608264478832,0,2,1,119
1,0.5,40,20,1,20,0,2,2.89956912539554,0,2,2,119
2,0.5,20,10,2,10,0,1,1.24993178935412,0,2,2,119
3,0.5,20,10,1,10,0,2,0.56646624948646,0,2,2,119
4,0.5,40,20,2,20,0,1,1.01642158826315,0,2,2,119
5,0.6,50,30,2,20,0,1,1.13328716582129,0,2,2,119
6,0.6,50,30,1,20,0,2,0.86635303549491,0,2,2,119
1,0.5,40,20,1,20,1,2,1.16662727507807,0,4,0,119
2,0.6,50,30,1,20,1,2,1.4329415937257,0,4,0,119
3,0.5,20,10,1,10,1,2,0.883325155658547,0,4,0,119
4,0.5,20,10,2,10,1,1,1.06662547893567,0,4,0,119
5,0.6,50,30,2,20,1,1,0.816350997015838,0,4,0,119
6,0.5,40,20,2,20,1,1,1.49958760000308,0,4,0,119
1,0.5,20,10,2,10,1,2,1.09966623112589,1,4,1,119
2,0.5,20,10,1,10,1,1,0.932937744849134,1,4,1,119
3,0.5,40,20,2,20,1,2,1.28327731554829,1,4,1,119
4,0.6,50,30,1,20,1,1,2.21619795427934,1,4,1,119
5,0.5,40,20,1,20,1,1,0.916406677430216,1,4,1,119
6,0.6,50,30,2,20,1,2,1.11640029114613,1,4,1,119
1,0.6,50,30,1,20,1,1,2.83277287038096,1,4,2,119
2,0.5,20,10,1,10,1,1,0.933067181142672,1,4,2,119
3,0.6,50,30,2,20,1,2,1.38301966889968,1,4,2,119
4,0.5,20,10,1,10,1,1,0.983199511221186,1,4,2,119
5,0.5,40,20,2,20,1,2,0.866422885477105,1,4,2,119
6,0.5,40,20,2,20,1,2,0.783306253398059,1,4,2,119
1,0.6,50,30,2,20,1,2,1.58281912817529,1,2,0,120
2,0.5,40,20,2,20,1,2,2.18284444523006,1,2,0,120
3,0.6,50,30,1,20,1,1,1.09971954519394,1,2,0,120
4,0.5,20,10,1,10,1,2,2.03318102235855,0,2,0,120
5,0.5,20,10,1,10,1,2,2.93283824426225,0,2,0,120
6,0.5,40,20,2,20,1,2,2.59977499752674,1,2,0,120
1,0.5,40,20,2,20,1,2,1.59968119897922,1,2,1,120
2,0.6,50,30,1,20,1,1,0.633106553724472,1,2,1,120
3,0.6,50,30,1,20,1,1,0.999730293538135,1,2,1,120
4,0.5,40,20,2,20,1,2,1.08314343166405,1,2,1,120
5,0.5,20,10,2,10,1,2,1.18297673254328,1,2,1,120
6,0.5,20,10,1,10,1,1,1.06641478858121,1,2,1,120
1,0.5,20,10,2,10,1,2,2.7994558543836,1,2,2,120
2,0.5,40,20,1,20,1,1,1.46636039112569,1,2,2,120
3,0.5,20,10,1,10,1,1,1.08321841348167,1,2,2,120
4,0.5,40,20,1,20,1,1,0.999719459663346,1,2,2,120
5,0.6,50,30,2,20,1,2,0.849947698043944,1,2,2,120
6,0.6,50,30,2,20,1,2,0.966692962571528,1,2,2,120
1,0.6,50,30,2,20,0,2,1.23296166490426,1,4,0,120
2,0.5,20,10,2,10,0,2,6.69902326916733,1,4,0,120
3,0.5,40,20,1,20,0,1,1.63319693104837,1,4,0,120
4,0.5,40,20,1,20,0,1,1.68299170039661,1,4,0,120
5,0.5,20,10,2,10,0,2,2.89975159065516,1,4,0,120
6,0.6,50,30,1,20,0,1,1.09976573171278,1,4,0,120
1,0.6,50,30,2,20,0,1,0.866344482435866,0,4,1,120
2,0.5,40,20,2,20,0,1,1.84965974505612,0,4,1,120
3,0.5,20,10,2,10,0,1,1.38301567747213,0,4,1,120
4,0.5,40,20,1,20,0,2,0.899971974476531,0,4,1,120
5,0.6,50,30,1,20,0,2,4.33283231414131,0,4,1,120
6,0.5,20,10,1,10,0,2,1.08306075209329,0,4,1,120
1,0.5,40,20,1,20,0,2,1.84962809873765,0,4,2,120
2,0.6,50,30,1,20,0,2,1.13323385175325,0,4,2,120
3,0.5,40,20,1,20,0,2,1.4163432422423,0,4,2,120
4,0.5,20,10,2,10,0,2,1.83290914912173,1,4,2,120
5,0.5,20,10,2,10,0,2,1.44973980168877,1,4,2,120
6,0.6,50,30,2,20,0,1,1.99958688724816,0,4,2,120
1,0.5,20,10,2,10,0,1,7.98230086981759,0,2,0,121
2,0.5,20,10,2,10,0,1,9.98199809152742,0,2,0,121
3,0.6,50,30,1,20,0,2,11.2819490254787,0,2,0,121
4,0.5,40,20,1,20,0,2,2.13310441545971,0,2,0,121
5,0.6,50,30,2,20,0,1,36.1954892877212,0,2,0,121
6,0.5,40,20,1,20,0,2,6.96587015829146,0,2,0,121
1,0.5,40,20,2,20,0,1,2.89970084250483,0,2,1,121
2,0.6,50,30,1,20,0,2,4.63263100364161,0,2,1,121
3,0.5,40,20,1,20,0,2,1.29971059299214,0,2,1,121
4,0.5,20,10,2,10,0,1,1.6830669673162,0,2,1,121
5,0.5,20,10,2,10,0,1,2.33293580615575,0,2,1,121
6,0.6,50,30,1,20,0,2,1.99960969540561,0,2,1,121
1,0.5,20,10,1,10,0,2,1.33329788565529,0,2,2,121
2,0.5,40,20,1,20,0,2,1.26662622020079,0,2,2,121
3,0.6,50,30,2,20,0,1,2.74940905489553,0,2,2,121
4,0.6,50,30,2,20,0,1,1.09971013682899,0,2,2,121
5,0.5,40,20,2,20,0,1,1.16662527936429,0,2,2,121
6,0.5,20,10,1,10,0,2,1.5832530533708,0,2,2,121
1,0.5,20,10,2,10,1,1,1.18304886334122,0,4,0,121
2,0.5,40,20,1,20,1,2,1.666520504391,0,4,0,121
3,0.6,50,30,1,20,1,2,1.39970012974991,0,4,0,121
4,0.6,50,30,2,20,1,1,1.39971438484831,0,4,0,121
5,0.5,20,10,2,10,1,1,1.0997377917199,0,4,0,121
6,0.5,40,20,1,20,1,2,1.19965519767973,0,4,0,121
1,0.5,20,10,2,10,1,2,0.933073453385971,1,4,1,121
2,0.6,50,30,1,20,1,1,1.99982779841124,1,4,1,121
3,0.5,20,10,1,10,1,1,1.73318589760221,1,4,1,121
4,0.5,40,20,2,20,1,2,1.01659550046372,1,4,1,121
5,0.5,40,20,2,20,1,2,0.583137301971737,1,4,1,121
6,0.6,50,30,1,20,1,1,0.766441331574444,1,4,1,121
1,0.5,20,10,2,10,1,2,1.88315637529341,1,4,2,121
2,0.6,50,30,1,20,1,1,1.31670152988567,1,4,2,121
3,0.6,50,30,1,20,1,1,1.44970530435063,1,4,2,121
4,0.5,20,10,2,10,1,2,0.916641031248031,1,4,2,121
5,0.5,40,20,1,20,1,1,1.79958614598304,1,4,2,121
6,0.5,40,20,2,20,1,2,0.966438081412007,1,4,2,121
1,0.5,20,10,2,10,1,1,1.44962004341546,0,2,0,122
2,0.6,50,30,2,20,1,1,4.21586021520704,0,2,0,122
3,0.5,40,20,2,20,1,1,1.44953023601385,0,2,0,122
4,0.6,50,30,1,20,1,2,9.58204690170166,0,2,0,122
5,0.5,20,10,1,10,1,2,1.3996452179982,0,2,0,122
6,0.5,40,20,1,20,1,2,1.41655096242173,0,2,0,122
1,0.5,40,20,1,20,1,1,1.59947210354024,1,2,1,122
2,0.5,20,10,1,10,1,1,2.14966959429292,1,2,1,122
3,0.6,50,30,1,20,1,1,4.9824125746328,1,2,1,122
4,0.6,50,30,2,20,1,2,3.48287928801832,1,2,1,122
5,0.5,40,20,2,20,1,2,1.24990833942978,1,2,1,122
6,0.5,20,10,2,10,1,2,1.58313513932692,1,2,1,122
1,0.5,40,20,1,20,1,1,1.54989214558721,1,2,2,122
2,0.6,50,30,2,20,1,2,1.49969408462879,1,2,2,122
3,0.5,40,20,1,20,1,1,1.23302967977817,1,2,2,122
4,0.5,20,10,2,10,1,2,1.44971526777146,1,2,2,122
5,0.5,20,10,1,10,1,1,1.31628313679292,1,2,2,122
6,0.6,50,30,2,20,1,2,4.39928342246599,1,2,2,122
1,0.5,20,10,1,10,0,1,1.36631811891412,1,4,0,122
2,0.5,40,20,2,20,0,2,2.19956459090875,1,4,0,122
3,0.6,50,30,2,20,0,2,2.16650263748658,1,4,0,122
4,0.6,50,30,2,20,0,2,1.63300305117083,1,4,0,122
5,0.5,20,10,1,10,0,1,1.29982072732021,1,4,0,122
6,0.5,40,20,1,20,0,1,1.29966506115741,1,4,0,122
1,0.5,40,20,1,20,0,2,1.74965659360241,0,4,1,122
2,0.5,20,10,2,10,0,1,1.79960861079069,0,4,1,122
3,0.6,50,30,1,20,0,2,1.78293807622852,0,4,1,122
4,0.5,20,10,2,10,0,1,1.48298563138595,0,4,1,122
5,0.6,50,30,1,20,0,2,1.74962437697897,0,4,1,122
6,0.5,40,20,2,20,0,1,1.28301362848702,0,4,1,122
1,0.5,20,10,2,10,0,1,1.29965422724865,0,4,2,122
2,0.6,50,30,1,20,0,2,2.2165253601847,0,4,2,122
3,0.5,40,20,1,20,0,2,1.64964507544677,0,4,2,122
4,0.5,40,20,2,20,0,1,1.29967646527191,0,4,2,122
5,0.5,20,10,1,10,0,1,2.53312809728622,1,4,2,122
6,0.6,50,30,2,20,0,1,1.61653864597808,0,4,2,122
1,0.5,40,20,2,20,0,1,4.8992325061582,0,2,0,201
2,0.5,20,10,1,10,0,2,7.83238812608339,0,2,0,201
3,0.6,50,30,2,20,0,1,7.29891062631147,0,2,0,201
4,0.5,20,10,2,10,0,1,6.71563839978104,0,2,0,201
5,0.5,40,20,1,20,0,1,6.01595543289846,1,2,0,201
6,0.6,50,30,1,20,0,2,3.81593975230362,0,2,0,201
1,0.6,50,30,2,20,0,1,2.48285854392847,0,2,1,201
2,0.5,40,20,1,20,0,2,1.44991732049995,0,2,1,201
3,0.5,40,20,2,20,0,1,1.76649113903841,0,2,1,201
4,0.5,20,10,2,10,0,1,1.66659719687985,0,2,1,201
5,0.5,20,10,1,10,0,2,2.06636398366937,0,2,1,201
6,0.6,50,30,1,20,0,2,2.84962851245324,0,2,1,201
1,0.5,40,20,1,20,0,2,1.16639620016422,0,2,2,201
2,0.5,20,10,2,10,0,1,2.58283545068881,0,2,2,201
3,0.5,20,10,1,10,0,2,1.13324428656145,0,2,2,201
4,0.5,40,20,1,20,0,2,1.14977020801022,0,2,2,201
5,0.6,50,30,2,20,0,1,1.36644723337287,0,2,2,201
6,0.6,50,30,2,20,0,1,1.46632977146246,0,2,2,201
1,0.5,40,20,1,20,1,2,1.98296688258371,0,4,0,201
2,0.5,40,20,2,20,1,1,1.51629299334002,0,4,0,201
3,0.6,50,30,1,20,1,2,2.06624538135207,0,4,0,201
4,0.5,20,10,2,10,1,1,1.23307094471307,0,4,0,201
5,0.6,50,30,1,20,1,2,1.98290473040781,0,4,0,201
6,0.5,20,10,2,10,1,1,0.916507674938418,0,4,0,201
1,0.6,50,30,2,20,1,2,4.14938532068242,1,4,1,201
2,0.6,50,30,1,20,1,1,6.38240808320409,1,4,1,201
3,0.5,40,20,2,20,1,2,1.98293495119058,1,4,1,201
4,0.5,20,10,1,10,1,1,1.08302418803029,1,4,1,201
5,0.5,20,10,2,10,1,2,0.916430412371134,1,4,1,201
6,0.5,40,20,1,20,1,1,2.18316388787519,1,4,1,201
1,0.5,40,20,2,20,1,2,3.78269518064045,1,4,2,201
2,0.5,20,10,1,10,1,1,1.84963535489463,1,4,2,201
3,0.6,50,30,1,20,1,1,4.09932259830307,1,4,2,201
4,0.5,40,20,2,20,1,2,1.89964761426877,1,4,2,201
5,0.5,20,10,1,10,1,1,4.73233937368853,1,4,2,201
6,0.6,50,30,2,20,1,2,1.88298170787337,1,4,2,201
1,0.6,50,30,2,20,1,2,57.1091135617188,1,2,0,202
2,0.6,50,30,2,20,1,2,12.664749167503,1,2,0,202
3,0.5,40,20,1,20,1,2,2.21624024952103,0,2,0,202
4,0.5,20,10,1,10,1,2,2.73304243454064,0,2,0,202
5,0.5,40,20,1,20,1,2,1.54984205364474,0,2,0,202
6,0.5,20,10,2,10,1,1,3.99920884271508,0,2,0,202
1,0.6,50,30,2,20,1,2,5.9823131443299,1,2,1,202
2,0.5,20,10,2,10,1,2,2.14951390156008,1,2,1,202
3,0.5,40,20,1,20,1,1,2.08288534349056,1,2,1,202
4,0.5,40,20,2,20,1,2,2.59964761426877,1,2,1,202
5,0.5,20,10,1,10,1,1,1.916556712435,1,2,1,202
6,0.6,50,30,1,20,1,1,3.74939130781863,1,2,1,202
1,0.6,50,30,1,20,1,1,2.81637453243317,1,2,2,202
2,0.6,50,30,1,20,1,1,1.83297115910957,1,2,2,202
3,0.5,40,20,2,20,1,2,1.66633946492108,1,2,2,202
4,0.5,20,10,2,10,1,2,1.69972630234468,1,2,2,202
5,0.5,40,20,1,20,1,1,1.76651537268497,1,2,2,202
6,0.5,20,10,2,10,1,2,1.81643183787976,1,2,2,202
1,0.5,40,20,1,20,0,2,4.94918774518748,0,4,0,202
2,0.5,20,10,2,10,0,1,2.59948425098075,0,4,0,202
3,0.6,50,30,1,20,0,1,3.71612877474683,1,4,0,202
4,0.6,50,30,2,20,0,2,3.23277728993705,1,4,0,202
5,0.5,40,20,1,20,0,1,2.69975652312745,1,4,0,202
6,0.5,20,10,2,10,0,2,2.49940470759967,1,4,0,202
1,0.5,40,20,2,20,0,1,1.34967469893258,0,4,1,202
2,0.5,20,10,2,10,0,1,1.46642670604872,0,4,1,202
3,0.5,40,20,2,20,0,1,1.28301306906304,0,4,1,202
4,0.6,50,30,1,20,0,2,3.74945003877383,0,4,1,202
5,0.6,50,30,1,20,0,2,2.51646234376426,0,4,1,202
6,0.5,20,10,1,10,0,2,2.36620860322963,0,4,1,202
1,0.5,40,20,2,20,0,1,1.18326481388559,0,4,2,202
2,0.5,20,10,2,10,0,1,0.799899644193048,0,4,2,202
3,0.5,20,10,1,10,0,2,0.966442671745279,0,4,2,202
4,0.5,40,20,1,20,0,2,2.23311998220965,0,4,2,202
5,0.6,50,30,1,20,0,2,4.34942095839796,0,4,2,202
6,0.6,50,30,2,20,0,1,3.14955010947906,0,4,2,202
1,0.5,20,10,2,10,0,2,9.11526278936367,1,2,0,203
2,0.5,40,20,1,20,0,2,11.2152526967741,0,2,0,203
3,0.6,50,30,2,20,0,2,2.93277394538141,1,2,0,203
4,0.6,50,30,2,20,0,2,2.6660419144673,1,2,0,203
5,0.5,20,10,1,10,0,2,5.36593049684051,0,2,0,203
6,0.5,40,20,1,20,0,2,3.6993440387008,0,2,0,203
1,0.5,20,10,1,10,0,2,8.54868248941419,0,2,1,203
2,0.6,50,30,2,20,0,1,2.49944576288003,0,2,1,203
3,0.6,50,30,2,20,0,1,2.41624120034531,0,2,1,203
4,0.5,40,20,1,20,0,2,1.99941411662472,0,2,1,203
5,0.5,40,20,2,20,0,1,1.93313003702897,0,2,1,203
6,0.5,20,10,1,10,0,2,4.1326368686287,0,2,1,203
1,0.5,40,20,1,20,0,2,1.53285451503682,0,2,2,203
2,0.5,40,20,1,20,0,2,2.33274526418066,0,2,2,203
3,0.6,50,30,2,20,0,1,1.96631498458742,0,2,2,203
4,0.5,20,10,1,10,0,1,5.58257078212437,1,2,2,203
5,0.6,50,30,2,20,0,1,1.88324213889912,0,2,2,203
6,0.5,20,10,2,10,0,1,2.16625431500968,0,2,2,203
1,0.5,40,20,2,20,1,1,2.46640393622396,0,4,0,203
2,0.5,20,10,1,10,1,2,1.76641129184006,0,4,0,203
3,0.6,50,30,1,20,1,2,1.79977157675899,0,4,0,203
4,0.5,20,10,2,10,1,1,1.53313733562479,0,4,0,203
5,0.5,40,20,2,20,1,1,2.33293941823349,0,4,0,203
6,0.6,50,30,1,20,1,2,1.81626326719361,0,4,0,203
1,0.5,40,20,2,20,1,2,1.96622574784948,1,4,1,203
2,0.5,20,10,1,10,1,1,1.61618366688296,1,4,1,203
3,0.6,50,30,2,20,1,2,5.93225705654473,1,4,1,203
4,0.5,20,10,1,10,1,1,1.56658343606487,1,4,1,203
5,0.5,40,20,1,20,1,1,1.79960536264328,1,4,1,203
6,0.6,50,30,2,20,1,2,1.84957907629427,1,4,1,203
1,0.6,50,30,1,20,1,1,1.43285662478717,1,4,2,203
2,0.5,20,10,2,10,1,2,1.66632730096786,1,4,2,203
3,0.5,40,20,2,20,1,2,1.79967065086369,1,4,2,203
4,0.5,40,20,1,20,1,1,1.93298007369301,1,4,2,203
5,0.6,50,30,1,20,1,2,4.94917212255711,0,4,2,203
6,0.5,20,10,2,10,1,2,2.08289465731382,1,4,2,203
1,0.5,20,10,2,10,1,1,10.9817666251179,0,2,0,204
2,0.6,50,30,2,20,1,2,11.4483193842722,1,2,0,204
3,0.5,40,20,2,20,1,2,4.66586058997743,1,2,0,204
4,0.6,50,30,1,20,1,1,13.4648373040356,1,2,0,204
5,0.5,20,10,1,10,1,1,4.89931644088537,1,2,0,204
6,0.5,40,20,1,20,1,1,4.96590586407962,1,2,0,204
1,0.5,40,20,1,20,1,1,11.6818473658341,1,2,1,204
2,0.5,20,10,1,10,1,1,2.04957571209776,1,2,1,204
3,0.6,50,30,1,20,1,1,3.63270785887709,1,2,1,204
4,0.6,50,30,2,20,1,2,4.86591937788594,1,2,1,204
5,0.5,40,20,2,20,1,2,2.06649334402274,1,2,1,204
6,0.5,20,10,2,10,1,2,2.26628413661603,1,2,1,204
1,0.5,40,20,1,20,1,1,1.48314166916606,1,2,2,204
2,0.6,50,30,2,20,1,2,2.61616342468362,1,2,2,204
3,0.5,40,20,1,20,1,1,1.44966192676087,1,2,2,204
4,0.5,20,10,2,10,1,2,1.74975652340511,1,2,2,204
5,0.5,20,10,1,10,1,1,1.43300715832593,1,2,2,204
6,0.6,50,30,2,20,1,2,2.16621696672639,1,2,2,204
1,0.5,20,10,1,10,0,1,4.43281471488149,1,4,0,204
2,0.5,40,20,2,20,0,2,3.56602520752531,1,4,0,204
3,0.6,50,30,2,20,0,2,4.03273534265197,1,4,0,204
4,0.6,50,30,2,20,0,2,3.74943293331706,1,4,0,204
5,0.5,20,10,1,10,0,1,4.18283096566125,1,4,0,204
6,0.5,40,20,1,20,0,1,1.44981730702342,1,4,0,204
1,0.5,40,20,1,20,0,2,1.68294586152511,0,4,1,204
2,0.5,20,10,2,10,0,1,2.03300191246019,0,4,1,204
3,0.6,50,30,1,20,0,2,2.18284493562981,0,4,1,204
4,0.5,20,10,2,10,0,1,1.49975395749252,0,4,1,204
5,0.6,50,30,1,20,0,2,1.88280279764301,0,4,1,204
6,0.5,40,20,2,20,0,1,1.23314166916606,0,4,1,204
1,0.5,20,10,2,10,0,1,1.3498427950885,0,4,2,204
2,0.6,50,30,1,20,0,2,1.66633414340144,0,4,2,204
3,0.5,40,20,1,20,0,2,1.63302717244415,0,4,2,204
4,0.5,40,20,2,20,0,1,2.28282258368011,0,4,2,204
5,0.5,20,10,1,10,0,2,1.48293867696985,0,4,2,204
6,0.6,50,30,2,20,0,1,2.16622437936276,0,4,2,204
1,0.5,20,10,2,10,0,1,3.73276191410237,0,2,0,205
2,0.5,40,20,1,20,0,2,8.48215436302075,0,2,0,205
3,0.5,40,20,1,20,0,2,4.73261736769299,0,2,0,205
4,0.6,50,30,2,20,0,1,15.6314095071053,0,2,0,205
5,0.5,20,10,2,10,0,1,9.33197834141691,0,2,0,205
6,0.6,50,30,1,20,0,2,3.99936878550225,0,2,0,205
1,0.5,40,20,2,20,0,1,6.96572796080654,0,2,1,205
2,0.6,50,30,2,20,0,1,4.18267387479031,0,2,1,205
3,0.5,40,20,1,20,0,2,2.59974757122118,0,2,1,205
4,0.6,50,30,1,20,0,2,3.63277799382128,0,2,1,205
5,0.5,20,10,2,10,0,1,2.54953636810468,0,2,1,205
6,0.5,20,10,1,10,0,2,9.33199231138547,0,2,1,205
1,0.5,20,10,2,10,0,1,1.73297688055734,0,2,2,205
2,0.5,40,20,1,20,0,2,4.24950820008644,0,2,2,205
3,0.6,50,30,2,20,0,1,5.34939319018202,0,2,2,205
4,0.5,40,20,1,20,0,2,1.8996445925958,0,2,2,205
5,0.5,20,10,2,10,0,1,1.51652362179133,0,2,2,205
6,0.6,50,30,1,20,0,2,5.33257220763137,0,2,2,205
1,0.6,50,30,1,20,1,2,9.43209369344301,0,4,0,205
2,0.5,40,20,1,20,1,2,1.88308789904217,0,4,0,205
3,0.5,40,20,2,20,1,1,1.28327361409359,0,4,0,205
4,0.5,20,10,1,10,1,2,1.449687015684,0,4,0,205
5,0.5,20,10,2,10,1,1,1.06644402148068,0,4,0,205
6,0.6,50,30,2,20,1,1,2.63297214787411,0,4,0,205
1,0.5,20,10,2,10,1,2,1.28326335044322,1,4,1,205
2,0.6,50,30,1,20,1,1,3.88259723953421,1,4,1,205
3,0.5,40,20,2,20,1,2,2.76618207031513,1,4,1,205
4,0.5,40,20,1,20,1,1,1.01643381485059,1,4,1,205
5,0.5,20,10,1,10,1,1,1.18317878936823,1,4,1,205
6,0.6,50,30,2,20,1,2,3.53287703804735,1,4,1,205
1,0.5,20,10,1,10,1,1,1.79969374407702,1,4,2,205
2,0.6,50,30,2,20,1,2,2.38292624654885,1,4,2,205
3,0.6,50,30,1,20,1,1,0.983223208166216,1,4,2,205
4,0.5,40,20,1,20,1,1,1.26650537530178,1,4,2,205
5,0.5,40,20,2,20,1,2,0.883483904885612,1,4,2,205
6,0.5,20,10,2,10,1,2,0.966687327014726,1,4,2,205
1,0.5,20,10,2,10,1,2,6.4155649398265,1,2,0,206
2,0.5,20,10,1,10,1,1,14.248173640437,1,2,0,206
3,0.6,50,30,2,20,1,1,4.88252967050261,0,2,0,206
4,0.5,40,20,2,20,1,1,17.2311265724768,0,2,0,206
5,0.5,40,20,1,20,1,2,3.98280867073183,0,2,0,206
6,0.6,50,30,1,20,1,2,2.59948499283255,0,2,0,206
1,0.5,20,10,2,10,1,2,1.81652327966965,1,2,1,206
2,0.5,20,10,2,10,1,2,3.216115413608,1,2,1,206
3,0.6,50,30,1,20,1,1,0.883047129542093,1,2,1,206
4,0.6,50,30,2,20,1,2,1.31624188458867,1,2,1,206
5,0.5,40,20,1,20,1,1,2.59951863479765,1,2,1,206
6,0.5,40,20,1,20,1,1,1.61646534706534,1,2,1,206
1,0.5,20,10,1,10,1,1,1.19989342909699,1,2,2,206
2,0.5,20,10,1,10,1,1,1.39973696544913,1,2,2,206
3,0.6,50,30,1,20,1,1,2.23289876277397,1,2,2,206
4,0.5,40,20,2,20,1,2,2.29943629751357,1,2,2,206
5,0.5,40,20,2,20,1,2,2.23298030177413,1,2,2,206
6,0.6,50,30,2,20,1,2,1.06635564004694,1,2,2,206
1,0.5,40,20,2,20,0,2,2.83303492720221,1,4,0,206
2,0.5,20,10,2,10,0,2,0.999721170831618,1,4,0,206
3,0.6,50,30,1,20,0,1,1.31634252538258,1,4,0,206
4,0.5,40,20,1,20,0,1,1.63303372977633,1,4,0,206
5,0.5,20,10,1,10,0,1,1.81620795752217,1,4,0,206
6,0.6,50,30,2,20,0,2,1.68295840598667,1,4,0,206
1,0.5,40,20,1,20,0,2,2.46614078763253,0,4,1,206
2,0.6,50,30,1,20,0,2,1.71627991711532,0,4,1,206
3,0.5,20,10,2,10,0,1,1.04968433573085,0,4,1,206
4,0.6,50,30,2,20,0,1,1.96645297366461,0,4,1,206
5,0.5,20,10,2,10,0,1,1.26638876882952,0,4,1,206
6,0.5,40,20,1,20,0,2,1.46638055790923,0,4,1,206
1,0.6,50,30,1,20,0,2,1.04977357246878,0,4,2,206
2,0.5,20,10,1,10,0,2,1.56624359519707,0,4,2,206
3,0.6,50,30,2,20,0,1,1.71641876149671,0,4,2,206
4,0.5,40,20,2,20,0,1,1.48300881191405,0,4,2,206
5,0.5,20,10,2,10,0,1,0.983035896546966,0,4,2,206
6,0.5,40,20,1,20,0,2,1.94984182574374,0,4,2,206
1,0.6,50,30,1,20,0,1,11.1984416927725,1,2,0,207
2,0.6,50,30,2,20,0,2,8.86556442664398,1,2,0,207
3,0.5,20,10,1,10,0,1,4.78256770302926,1,2,0,207
4,0.5,40,20,2,20,0,2,4.4492790355818,1,2,0,207
5,0.5,40,20,1,20,0,1,4.29927207910766,1,2,0,207
6,0.5,20,10,2,10,0,2,3.1163416130581,1,2,0,207
1,0.5,40,20,2,20,0,1,1.999591449695,0,2,1,207
2,0.5,20,10,2,10,0,1,2.48310432088277,0,2,1,207
3,0.6,50,30,1,20,0,2,4.76575327781079,0,2,1,207
4,0.5,20,10,2,10,0,1,1.99981667980034,0,2,1,207
5,0.5,40,20,1,20,0,1,1.23301251823223,1,2,1,207
6,0.6,50,30,1,20,0,2,3.94932664751546,0,2,1,207
1,0.5,40,20,2,20,0,1,2.68303310255325,0,2,2,207
2,0.5,20,10,2,10,0,1,2.38291598289848,0,2,2,207
3,0.5,40,20,1,20,0,2,3.54942375305201,0,2,2,207
4,0.5,20,10,2,10,0,1,2.43278591964018,0,2,2,207
5,0.6,50,30,1,20,0,2,3.61608359629186,0,2,2,207
6,0.6,50,30,1,20,0,2,4.29931883573712,0,2,2,207
1,0.5,20,10,1,10,1,2,7.78213777011932,0,4,0,207
2,0.5,40,20,1,20,1,2,2.3664108926981,0,4,0,207
3,0.6,50,30,2,20,1,1,7.44893178207761,0,4,0,207
4,0.5,20,10,2,10,1,1,3.13297271807691,0,4,0,207
5,0.6,50,30,1,20,1,2,5.56588351212992,0,4,0,207
6,0.5,40,20,2,20,1,1,1.53296884069788,0,4,0,207
1,0.5,40,20,1,20,1,1,3.21617842101722,1,4,1,207
2,0.5,20,10,2,10,1,2,1.29974135601068,1,4,1,207
3,0.6,50,30,1,20,1,1,1.766295540672,1,4,1,207
4,0.6,50,30,2,20,1,2,3.766226261032,1,4,1,207
5,0.5,20,10,2,10,1,2,2.36631082210699,1,4,1,207
6,0.5,40,20,1,20,1,1,1.06648821219755,1,4,1,207
1,0.5,20,10,2,10,1,2,3.56614837132975,1,4,2,207
2,0.6,50,30,1,20,1,1,1.24973799181417,1,4,2,207
3,0.6,50,30,2,20,1,2,3.71610286914644,1,4,2,207
4,0.5,40,20,2,20,1,2,2.049836579878,1,4,2,207
5,0.5,20,10,1,10,1,1,0.916253459705479,1,4,2,207
6,0.5,40,20,1,20,1,1,1.38305197626588,1,4,2,207
1,0.6,50,30,1,20,1,2,3.54935450155409,0,2,0,208
2,0.5,20,10,2,10,1,1,10.3818333855069,0,2,0,208
3,0.6,50,30,1,20,1,1,3.56600329235283,1,2,0,208
4,0.5,40,20,2,20,1,1,23.6301303313279,0,2,0,208
5,0.5,40,20,1,20,1,2,18.1973877854508,0,2,0,208
6,0.5,20,10,2,10,1,1,3.53292067733289,0,2,0,208
1,0.5,20,10,1,10,1,1,9.2152967251524,1,2,1,208
2,0.5,20,10,2,10,1,2,2.38291563103524,1,2,1,208
3,0.5,40,20,1,20,1,1,2.4327992810879,1,2,1,208
4,0.6,50,30,1,20,1,1,2.0162453720889,1,2,1,208
5,0.5,40,20,2,20,1,2,2.01626818021384,1,2,1,208
6,0.6,50,30,2,20,1,2,1.5329853953874,1,2,1,208
1,0.6,50,30,2,20,1,2,2.71631368242309,1,2,2,208
2,0.5,40,20,2,20,1,2,4.34967792076571,1,2,2,208
3,0.5,40,20,1,20,1,1,1.16655433665135,1,2,2,208
4,0.5,20,10,2,10,1,2,2.7661596990696,1,2,2,208
5,0.5,20,10,1,10,1,1,3.26596953632793,1,2,2,208
6,0.6,50,30,1,20,1,1,0.999714328235147,1,2,2,208
1,0.5,40,20,2,20,0,2,4.43264618154925,1,4,0,208
2,0.6,50,30,2,20,0,2,2.48319126722512,1,4,0,208
3,0.6,50,30,1,20,0,1,1.43307839551683,1,4,0,208
4,0.5,40,20,1,20,0,1,7.81548683087376,1,4,0,208
5,0.5,20,10,2,10,0,2,1.99958033050113,1,4,0,208
6,0.5,20,10,1,10,0,1,2.3829583962695,1,4,0,208
1,0.6,50,30,2,20,0,1,1.54981465547472,0,4,1,208
2,0.5,40,20,1,20,0,2,1.98291015708526,0,4,1,208
3,0.6,50,30,1,20,0,2,1.29965343054156,0,4,1,208
4,0.5,40,20,1,20,0,2,2.4495065177068,0,4,1,208
5,0.5,20,10,2,10,0,1,0.916255407663872,0,4,1,208
6,0.5,20,10,2,10,0,1,1.31617449584065,0,4,1,208
1,0.5,40,20,1,20,0,2,1.34902959981434,0,4,2,208
2,0.5,20,10,2,10,0,1,1.26648728076403,0,4,2,208
3,0.6,50,30,1,20,0,2,1.51643239871339,0,4,2,208
4,0.6,50,30,1,20,0,2,1.0832978381889,0,4,2,208
5,0.5,20,10,2,10,0,1,0.849766302249851,0,4,2,208
6,0.5,40,20,2,20,0,1,1.0997182626367,0,4,2,208
1,0.5,40,20,2,20,0,1,7.33218494424269,0,2,0,209
2,0.5,20,10,1,10,0,2,1.59972225405856,0,2,0,209
3,0.5,20,10,1,10,0,2,1.98298542389756,0,2,0,209
4,0.5,40,20,2,20,0,1,2.39952165659973,0,2,0,209
5,0.6,50,30,1,20,0,1,1.26655513493572,1,2,0,209
6,0.6,50,30,2,20,0,2,1.01646860661173,1,2,0,209
1,0.6,50,30,2,20,0,1,3.09946737326238,0,2,1,209
2,0.5,40,20,2,20,0,1,1.79962320977602,0,2,1,209
3,0.5,20,10,1,10,0,2,1.38299973599595,0,2,1,209
4,0.5,20,10,1,10,0,2,2.48295035640546,0,2,1,209
5,0.5,40,20,1,20,0,2,1.44968926780787,0,2,1,209
6,0.6,50,30,2,20,0,1,1.88283637280108,0,2,1,209
1,0.5,40,20,2,20,0,1,1.8998235791536,0,2,2,209
2,0.6,50,30,2,20,0,1,1.01657551969738,0,2,2,209
3,0.6,50,30,1,20,0,2,3.39959606810734,0,2,2,209
4,0.5,20,10,1,10,0,2,1.84960835598465,0,2,2,209
5,0.5,40,20,1,20,0,2,1.44970523349533,0,2,2,209
6,0.5,20,10,2,10,0,1,1.61625244260763,0,2,2,209
1,0.5,40,20,1,20,1,2,2.84960122844561,0,4,0,209
2,0.5,40,20,2,20,1,1,4.21605366979879,0,4,0,209
3,0.5,20,10,2,10,1,1,1.3996850197946,0,4,0,209
4,0.5,20,10,1,10,1,2,1.9996282275635,0,4,0,209
5,0.6,50,30,2,20,1,1,1.04986340784178,0,4,0,209
6,0.6,50,30,1,20,1,2,1.76635927016281,0,4,0,209
1,0.5,40,20,2,20,1,2,2.26643425187354,1,4,1,209
2,0.6,50,30,2,20,1,2,1.56636793725029,1,4,1,209
3,0.5,20,10,1,10,1,1,2.89945978956084,1,4,1,209
4,0.5,40,20,2,20,1,2,4.43258374430723,1,4,1,209
5,0.6,50,30,1,20,1,1,1.73298043462022,1,4,1,209
6,0.5,20,10,1,10,1,1,1.34969360135161,1,4,1,209
1,0.5,40,20,2,20,1,2,1.63297621511711,1,4,2,209
2,0.6,50,30,2,20,1,2,1.44976852604203,1,4,2,209
3,0.5,40,20,2,20,1,2,0.949706659003137,1,4,2,209
4,0.5,20,10,1,10,1,1,1.33310183086521,1,4,2,209
5,0.5,20,10,1,10,1,1,3.96597284350604,1,4,2,209
6,0.6,50,30,1,20,1,1,1.46638253445025,1,4,2,209
1,0.5,40,20,2,20,1,1,10.0318837629529,0,2,0,210
2,0.6,50,30,2,20,1,2,7.53225867150655,1,2,0,210
3,0.5,40,20,1,20,1,2,2.0330620877075,0,2,0,210
4,0.6,50,30,2,20,1,2,2.43286799056428,1,2,0,210
5,0.5,20,10,1,10,1,1,3.44940217053521,1,2,0,210
6,0.5,20,10,1,10,1,1,0.96644240577821,1,2,0,210
1,0.5,40,20,1,20,1,1,5.03254177735735,1,2,1,210
2,0.5,40,20,2,20,1,2,2.1495568666426,1,2,1,210
3,0.5,20,10,1,10,1,2,2.18281767013863,0,2,1,210
4,0.6,50,30,1,20,1,1,1.06639074537523,1,2,1,210
5,0.6,50,30,2,20,1,2,1.18303292181774,1,2,1,210
6,0.5,20,10,2,10,1,1,1.49987883183627,0,2,1,210
1,0.6,50,30,1,20,1,1,0.933089514477742,1,2,2,210
2,0.6,50,30,1,20,1,1,0.683341116605969,1,2,2,210
3,0.5,20,10,2,10,1,1,1.33298636473271,0,2,2,210
4,0.5,40,20,2,20,1,2,3.51615014816728,1,2,2,210
5,0.5,40,20,2,20,1,2,0.81650692426163,1,2,2,210
6,0.5,20,10,1,10,1,2,3.16607736173857,0,2,2,210
1,0.6,50,30,1,20,0,1,1.99954697361841,1,4,0,210
2,0.6,50,30,2,20,0,2,0.933094931407415,1,4,0,210
3,0.5,40,20,1,20,0,1,3.43280811923632,1,4,0,210
4,0.5,20,10,2,10,0,1,1.43300455421235,0,4,0,210
5,0.5,20,10,1,10,0,2,3.8493189778995,0,4,0,210
6,0.5,40,20,2,20,0,2,1.71623699010298,1,4,0,210
1,0.5,40,20,1,20,0,2,3.78265852644688,0,4,1,210
2,0.5,40,20,2,20,0,1,2.26615798846023,0,4,1,210
3,0.5,20,10,1,10,0,2,8.03220706812388,0,4,1,210
4,0.6,50,30,2,20,0,2,1.4330034138061,1,4,1,210
5,0.6,50,30,2,20,0,2,1.08355271898508,1,4,1,210
6,0.5,20,10,1,10,0,1,3.86598687050288,1,4,1,210
1,0.6,50,30,2,20,0,1,4.96590327872498,0,4,2,210
2,0.5,40,20,2,20,0,1,2.09955318883246,0,4,2,210
3,0.6,50,30,2,20,0,1,2.21624782396233,0,4,2,210
4,0.5,20,10,1,10,0,2,3.34937086638373,0,4,2,210
5,0.5,20,10,1,10,0,2,1.53309829560584,0,4,2,210
6,0.5,40,20,1,20,0,2,3.48277188282782,0,4,2,210
1,0.5,40,20,2,20,0,2,16.4476864293367,1,2,0,211
2,0.5,20,10,1,10,0,2,3.38291363532431,0,2,0,211
3,0.6,50,30,2,20,0,2,1.06638019661744,1,2,0,211
4,0.5,20,10,1,10,0,2,3.09970514796486,0,2,0,211
5,0.6,50,30,1,20,0,1,1.03303870937944,1,2,0,211
6,0.5,40,20,2,20,0,1,13.3982358485563,0,2,0,211
1,0.5,40,20,1,20,0,2,2.09979752087086,0,2,1,211
2,0.6,50,30,2,20,0,1,2.19953631082,0,2,1,211
3,0.6,50,30,2,20,0,1,1.66654806441699,0,2,1,211
4,0.5,40,20,1,20,0,2,1.94961884772212,0,2,1,211
5,0.5,20,10,1,10,0,2,1.94965762153452,0,2,1,211
6,0.5,20,10,2,10,0,1,1.03304384120755,0,2,1,211
1,0.5,40,20,2,20,0,1,1.54972769949839,0,2,2,211
2,0.5,20,10,1,10,0,1,4.78280250273555,1,2,2,211
3,0.6,50,30,2,20,0,1,2.31630279154343,0,2,2,211
4,0.6,50,30,1,20,0,2,2.31609466740337,0,2,2,211
5,0.5,20,10,2,10,0,1,1.73302063394043,0,2,2,211
6,0.5,40,20,1,20,0,2,2.34956245463321,0,2,2,211
1,0.6,50,30,2,20,1,1,5.43251703054179,0,4,0,211
2,0.5,20,10,2,10,1,1,0.883099521542559,0,4,0,211
3,0.6,50,30,2,20,1,1,1.79961779284635,0,4,0,211
4,0.5,40,20,1,20,1,2,1.64984054269652,0,4,0,211
5,0.5,20,10,1,10,1,2,0.8666266384074,0,4,0,211
6,0.5,40,20,1,20,1,2,1.0996891822774,0,4,0,211
1,0.5,20,10,2,10,1,2,2.61618031191251,1,4,1,211
2,0.5,40,20,2,20,1,2,4.96592437624055,1,4,1,211
3,0.6,50,30,1,20,1,1,0.766427124334502,1,4,1,211
4,0.5,20,10,2,10,1,2,1.79951030955757,1,4,1,211
5,0.5,40,20,1,20,1,1,1.1831121800519,1,4,1,211
6,0.6,50,30,1,20,1,1,2.91611912911737,1,4,1,211
1,0.5,20,10,1,10,1,1,0.616360210997964,1,4,2,211
2,0.5,40,20,1,20,1,1,1.59962332381664,1,4,2,211
3,0.5,20,10,2,10,1,2,1.39975686538816,1,4,2,211
4,0.6,50,30,2,20,1,2,0.783378692991805,1,4,2,211
5,0.6,50,30,1,20,1,1,1.16644913417507,1,4,2,211
6,0.5,40,20,2,20,1,1,1.66641178587048,0,4,2,211
1,0.5,20,10,2,10,1,1,5.96569429928023,0,2,0,212
2,0.5,20,10,2,10,1,1,2.18309022723165,0,2,0,212
3,0.6,50,30,1,20,1,2,0.79982791269734,0,2,0,212
4,0.5,40,20,1,20,1,2,1.38323722559687,0,2,0,212
5,0.6,50,30,2,20,1,1,1.98291585911649,0,2,0,212
6,0.5,40,20,1,20,1,2,1.21642287632123,0,2,0,212
1,0.5,40,20,1,20,1,1,11.7982715432719,1,2,1,212
2,0.5,40,20,2,20,1,2,2.68291717058368,1,2,1,212
3,0.5,20,10,2,10,1,2,1.64968145602508,1,2,1,212
4,0.6,50,30,2,20,1,2,5.46549558349171,1,2,1,212
5,0.6,50,30,1,20,1,1,3.54940011780397,1,2,1,212
6,0.5,20,10,1,10,1,1,1.14972992329057,1,2,1,212
1,0.6,50,30,2,20,1,2,11.1985598379711,1,2,2,212
2,0.5,20,10,1,10,1,1,1.48300737671781,1,2,2,212
3,0.5,40,20,1,20,1,1,1.84967050812511,1,2,2,212
4,0.6,50,30,1,20,1,2,6.38236196380237,0,2,2,212
5,0.5,20,10,2,10,1,2,1.21639123004788,1,2,2,212
6,0.5,40,20,2,20,1,2,5.16585640802823,1,2,2,212
1,0.5,20,10,1,10,0,1,9.91545911900196,1,4,0,212
2,0.5,40,20,2,20,0,2,2.3163141956059,1,4,0,212
3,0.6,50,30,1,20,0,2,2.56630236389109,0,4,0,212
4,0.5,20,10,2,10,0,2,2.04959142095189,1,4,0,212
5,0.5,40,20,2,20,0,2,2.88299517437097,1,4,0,212
6,0.6,50,30,1,20,0,1,6.64912750369064,1,4,0,212
1,0.6,50,30,1,20,0,2,1.86638515738462,0,4,1,212
2,0.5,40,20,2,20,0,2,2.93278645151762,1,4,1,212
3,0.5,40,20,1,20,0,2,3.84951911919583,0,4,1,212
4,0.6,50,30,1,20,0,2,1.63304207357787,0,4,1,212
5,0.5,20,10,2,10,0,2,1.41637828643698,1,4,1,212
6,0.5,20,10,2,10,0,2,1.03303870937944,1,4,1,212
1,0.5,40,20,2,20,0,1,1.19973702231946,0,4,2,212
2,0.6,50,30,2,20,0,1,0.999565790321486,0,4,2,212
3,0.5,40,20,1,20,0,2,1.73315577208069,0,4,2,212
4,0.5,20,10,1,10,0,2,2.93286029282211,0,4,2,212
5,0.5,20,10,1,10,0,2,0.883134018831528,0,4,2,212
6,0.6,50,30,2,20,0,1,1.69963381555411,0,4,2,212
1,0.5,40,20,2,20,0,1,21.1473156832658,0,2,0,213
2,0.5,20,10,1,10,0,2,1.63298220224991,0,2,0,213
3,0.5,40,20,2,20,0,2,4.4326898020882,1,2,0,213
4,0.5,20,10,1,10,0,2,1.76628656926457,0,2,0,213
5,0.6,50,30,2,20,0,1,1.7164804668367,0,2,0,213
6,0.6,50,30,1,20,0,1,1.29974067161945,1,2,0,213
1,0.5,20,10,1,10,0,2,4.21607533751748,0,2,1,213
2,0.6,50,30,1,20,0,2,1.56629352574268,0,2,1,213
3,0.5,40,20,2,20,0,1,1.44966047255014,0,2,1,213
4,0.6,50,30,1,20,0,2,2.76640688212362,0,2,1,213
5,0.5,20,10,2,10,0,1,2.68280084914649,0,2,1,213
6,0.5,40,20,2,20,1,1,1.61655322475525,0,2,1,213
1,0.5,40,20,1,20,0,2,4.79935036758144,0,2,2,213
2,0.5,40,20,2,20,0,1,5.24914113154529,0,2,2,213
3,0.5,20,10,2,10,0,2,2.86631217138481,1,2,2,213
4,0.6,50,30,1,20,0,2,0.79992684293926,0,2,2,213
5,0.5,20,10,1,10,0,2,6.41579639414949,0,2,2,213
6,0.6,50,30,2,20,0,2,1.69985248845196,1,2,2,213
1,0.5,40,20,2,20,1,1,2.14957967476754,0,4,0,213
2,0.5,20,10,1,10,1,2,1.51654643933809,0,4,0,213
3,0.6,50,30,1,20,1,2,1.56635681828938,0,4,0,213
4,0.5,20,10,2,10,1,1,1.59965896151186,0,4,0,213
5,0.6,50,30,1,20,1,1,1.86629021856456,1,4,0,213
6,0.5,40,20,2,20,1,1,2.26603026296057,0,4,0,213
1,0.5,40,20,2,20,1,2,2.44965619602671,1,4,1,213
2,0.5,20,10,2,10,1,2,1.24967883309071,1,4,1,213
3,0.5,40,20,1,20,1,1,1.66653124342485,1,4,1,213
4,0.6,50,30,1,20,1,1,1.73299725561237,1,4,1,213
5,0.5,20,10,1,10,1,1,2.7828997223681,1,4,1,213
6,0.6,50,30,2,20,1,2,2.66622960597254,1,4,1,213
1,0.5,40,20,1,20,1,1,2.44954728723013,1,4,2,213
2,0.5,40,20,2,20,1,2,0.933132849915125,1,4,2,213
3,0.5,20,10,2,10,1,2,0.533104852941763,1,4,2,213
4,0.5,20,10,1,10,1,1,1.14973619552493,1,4,2,213
5,0.6,50,30,1,20,1,1,1.19972590335855,1,4,2,213
6,0.6,50,30,2,20,1,2,1.18322080374692,1,4,2,213
1,0.6,50,30,1,20,1,2,5.43256606801041,0,2,0,214
2,0.5,20,10,1,10,1,2,9.981502610675,0,2,0,214
3,0.5,20,10,2,10,1,1,7.81566558955297,0,2,0,214
4,0.5,40,20,2,20,1,1,3.43309464630585,0,2,0,214
5,0.6,50,30,1,20,1,2,2.36636776618935,0,2,0,214
6,0.5,40,20,2,20,1,1,1.54991643673226,0,2,0,214
1,0.5,40,20,1,20,1,1,1.58321002690789,1,2,1,214
2,0.6,50,30,1,20,1,1,2.6661084378088,1,2,1,214
3,0.5,20,10,1,10,1,1,1.75036792356541,1,2,1,214
4,0.5,20,10,2,10,1,2,1.53306294301219,1,2,1,214
5,0.6,50,30,2,20,1,2,1.94981471249503,1,2,1,214
6,0.5,40,20,2,20,1,2,1.03317299221502,1,2,1,214
1,0.5,20,10,1,10,1,1,1.68297076967728,1,2,2,214
2,0.5,40,20,2,20,1,2,1.41648633992887,1,2,2,214
3,0.6,50,30,1,20,1,1,1.41635034648393,1,2,2,214
4,0.5,40,20,2,20,1,2,1.23314208720573,1,2,2,214
5,0.5,20,10,1,10,1,1,1.7496469017158,1,2,2,214
6,0.6,50,30,2,20,1,2,1.59963387257443,1,2,2,214
1,0.5,20,10,1,10,0,1,1.73301179579202,1,4,0,214
2,0.5,40,20,2,20,0,2,1.21657340994582,1,4,0,214
3,0.6,50,30,2,20,0,2,5.08263469195632,1,4,0,214
4,0.5,20,10,1,10,0,1,1.34967820586728,1,4,0,214
5,0.5,40,20,2,20,0,2,1.86635265580658,1,4,0,214
6,0.6,50,30,1,20,0,1,4.91589418398516,1,4,0,214
1,0.5,40,20,1,20,0,2,1.26640802252987,0,4,1,214
2,0.5,20,10,2,10,0,1,1.49979102055525,0,4,1,214
3,0.5,40,20,1,20,0,2,1.03312138883234,0,4,1,214
4,0.5,20,10,2,10,0,1,1.21634989032143,0,4,1,214
5,0.6,50,30,2,20,0,1,2.44978192581543,0,4,1,214
6,0.6,50,30,1,20,0,2,2.03290072022357,0,4,1,214
1,0.6,50,30,1,20,0,2,1.99976136999283,0,4,2,214
2,0.5,20,10,2,10,0,1,1.81643479356651,0,4,2,214
3,0.5,40,20,1,20,0,2,1.93316307068067,0,4,2,214
4,0.5,20,10,1,10,0,2,1.64974275286085,0,4,2,214
5,0.5,40,20,2,20,0,1,1.49958090070426,0,4,2,214
6,0.6,50,30,2,20,0,1,1.44964308135487,0,4,2,214
1,0.5,20,10,2,10,0,1,4.76593155108694,0,2,0,215
2,0.5,40,20,1,20,0,2,5.53257443077319,0,2,0,215
3,0.6,50,30,2,20,0,1,7.19895048383174,0,2,0,215
4,0.6,50,30,2,20,0,1,11.2483275224867,0,2,0,215
5,0.5,20,10,1,10,0,2,9.53189503355789,0,2,0,215
6,0.5,40,20,1,20,0,2,10.9651751194077,0,2,0,215
1,0.5,20,10,1,10,0,1,1.89959803519352,1,2,1,215
2,0.6,50,30,2,20,0,1,1.14958456414088,0,2,1,215
3,0.6,50,30,2,20,0,1,1.73308185467742,0,2,1,215
4,0.5,40,20,1,20,0,2,1.61637948853335,0,2,1,215
5,0.5,40,20,2,20,0,1,5.78252446671025,0,2,1,215
6,0.5,20,10,1,10,0,1,1.91620121447598,1,2,1,215
1,0.5,40,20,1,20,0,2,2.46641887532534,0,2,2,215
2,0.5,40,20,1,20,0,2,1.29969485571148,0,2,2,215
3,0.6,50,30,2,20,0,1,3.59962064375381,0,2,2,215
4,0.5,20,10,1,10,0,2,1.76624316718275,0,2,2,215
5,0.6,50,30,2,20,0,1,1.19971341582844,0,2,2,215
6,0.5,20,10,2,10,0,2,1.86645411388841,1,2,2,215
1,0.5,40,20,2,20,1,2,2.04949564093843,1,4,0,215
2,0.5,20,10,1,10,1,1,1.73302968107675,1,4,0,215
3,0.6,50,30,1,20,1,2,0.783054185562966,0,4,0,215
4,0.5,20,10,2,10,1,2,1.56633160571241,1,4,0,215
5,0.5,40,20,2,20,1,1,2.71627425751692,0,4,0,215
6,0.6,50,30,1,20,1,2,1.61630137068317,0,4,0,215
1,0.5,40,20,2,20,1,2,1.88291987417894,1,4,1,215
2,0.5,20,10,1,10,1,1,1.84954445033971,1,4,1,215
3,0.6,50,30,2,20,1,2,1.2831107782391,1,4,1,215
4,0.5,20,10,1,10,1,1,2.03318241002691,1,4,1,215
5,0.5,40,20,1,20,1,1,1.28300557573283,1,4,1,215
6,0.6,50,30,2,20,1,2,1.03304527613662,1,4,1,215
1,0.6,50,30,1,20,1,1,1.34976697217208,1,4,2,215
2,0.5,20,10,2,10,1,2,1.38324275178965,1,4,2,215
3,0.5,40,20,2,20,1,2,1.43300923928895,1,4,2,215
4,0.5,40,20,1,20,1,1,1.48300437830593,1,4,2,215
5,0.6,50,30,1,20,1,1,1.04976876831243,1,4,2,215
6,0.5,20,10,2,10,1,2,1.56629739351525,1,4,2,215
1,0.6,50,30,2,20,1,1,3.41628432160492,0,2,0,216
2,0.5,40,20,1,20,1,1,4.93253012597786,1,2,0,216
3,0.5,20,10,1,10,1,2,1.66627341646707,0,2,0,216
4,0.5,40,20,2,20,1,1,6.23232220134961,0,2,0,216
5,0.5,20,10,1,10,1,2,1.66633243250718,0,2,0,216
6,0.6,50,30,2,20,1,1,9.28220643582747,0,2,0,216
1,0.5,40,20,2,20,1,2,5.61598262704628,1,2,1,216
2,0.6,50,30,1,20,1,1,3.38294767158914,1,2,1,216
3,0.5,20,10,2,10,1,2,9.0153447406302,1,2,1,216
4,0.5,20,10,2,10,1,1,5.13257311930563,0,2,1,216
5,0.5,40,20,1,20,1,1,3.66603735230666,1,2,1,216
6,0.6,50,30,1,20,1,1,1.68301401474147,1,2,1,216
1,0.6,50,30,2,20,1,2,1.5997372503258,1,2,2,216
2,0.5,40,20,2,20,1,2,2.71647069254895,1,2,2,216
3,0.5,20,10,2,10,1,2,5.6492750863074,1,2,2,216
4,0.5,20,10,1,10,1,1,3.53261120888514,1,2,2,216
5,0.5,40,20,1,20,1,1,4.93258743140811,1,2,2,216
6,0.6,50,30,1,20,1,1,1.74964169851014,1,2,2,216
1,0.6,50,30,1,20,0,1,1.59966255369533,1,4,0,216
2,0.5,20,10,1,10,0,2,2.41621190578759,0,4,0,216
3,0.6,50,30,2,20,0,2,2.11646059995079,1,4,0,216
4,0.5,40,20,2,20,0,1,2.61632617452611,0,4,0,216
5,0.5,20,10,2,10,0,1,4.59916847254799,0,4,0,216
6,0.5,40,20,1,20,0,1,3.06636966678175,1,4,0,216
1,0.6,50,30,1,20,0,2,1.18301529769886,0,4,1,216
2,0.5,40,20,2,20,0,1,3.14948420836254,0,4,1,216
3,0.5,40,20,2,20,0,1,1.33303549715027,0,4,1,216
4,0.5,20,10,2,10,0,1,1.16656322228719,0,4,1,216
5,0.6,50,30,1,20,0,2,4.18270653261948,0,4,1,216
6,0.5,20,10,1,10,0,2,1.44974670144527,0,4,1,216
1,0.5,40,20,1,20,0,2,1.71636434963611,0,4,2,216
2,0.6,50,30,2,20,0,1,2.86608376685414,0,4,2,216
3,0.5,40,20,1,20,0,2,1.9829902657746,0,4,2,216
4,0.5,20,10,2,10,0,1,1.74956215515174,0,4,2,216
5,0.6,50,30,2,20,0,1,3.61630536210617,0,4,2,216
6,0.5,20,10,1,10,0,2,2.63285779329618,0,4,2,216
1,0.5,40,20,2,20,0,1,2.74952195582008,0,2,0,217
2,0.5,40,20,2,20,0,1,1.49959187699803,0,2,0,217
3,0.6,50,30,1,20,0,1,1.54966171264548,1,2,0,217
4,0.6,50,30,2,20,0,2,1.73283324604471,1,2,0,217
5,0.5,20,10,1,10,0,2,2.56627315987559,0,2,0,217
6,0.5,20,10,1,10,0,2,1.16637505520281,0,2,0,217
1,0.5,20,10,2,10,0,1,1.49983649420773,0,2,1,217
2,0.5,40,20,1,20,0,2,1.56641200437574,0,2,1,217
3,0.6,50,30,2,20,0,1,2.09962848404899,0,2,1,217
4,0.5,40,20,2,20,0,1,1.61640571788451,0,2,1,217
5,0.5,20,10,1,10,0,2,0.999615968086862,0,2,1,217
6,0.6,50,30,1,20,0,2,1.59962606068503,0,2,1,217
1,0.6,50,30,1,20,0,2,1.28322310828645,0,2,2,217
2,0.5,20,10,1,10,0,2,1.33295082196229,0,2,2,217
3,0.5,20,10,2,10,0,1,1.24977298781675,0,2,2,217
4,0.5,40,20,2,20,0,1,1.33300670188432,0,2,2,217
5,0.6,50,30,2,20,0,1,1.51648871097279,0,2,2,217
6,0.5,40,20,1,20,0,2,1.09978757076579,0,2,2,217
1,0.5,20,10,2,10,1,1,1.36628005933535,0,4,0,217
2,0.5,40,20,1,20,1,2,0.999731719353925,0,4,0,217
3,0.5,20,10,1,10,1,2,0.98302219715862,0,4,0,217
4,0.6,50,30,2,20,1,1,1.3498784469145,0,4,0,217
5,0.6,50,30,2,20,1,1,1.44963921812585,0,4,0,217
6,0.5,40,20,1,20,1,2,1.21629806350411,0,4,0,217
1,0.6,50,30,1,20,1,1,1.74963856239207,1,4,1,217
2,0.6,50,30,1,20,1,1,1.46628687326462,1,4,1,217
3,0.5,40,20,2,20,1,2,2.03299338763759,1,4,1,217
4,0.5,20,10,1,10,1,1,1.09997203152882,1,4,1,217
5,0.5,20,10,2,10,1,2,1.3829143146969,1,4,1,217
6,0.5,40,20,2,20,1,2,1.16645374325628,1,4,1,217
1,0.6,50,30,2,20,1,2,2.39953574048452,1,4,2,217
2,0.5,40,20,1,20,1,1,1.01640275282742,1,4,2,217
3,0.5,20,10,1,10,1,1,1.24962045843774,1,4,2,217
4,0.6,50,30,2,20,1,2,1.26643318742782,1,4,2,217
5,0.5,40,20,2,20,1,2,0.933089495401453,1,4,2,217
6,0.5,20,10,1,10,1,1,0.949812132272337,1,4,2,217
1,0.6,50,30,2,20,1,2,4.18282570510626,1,2,0,218
2,0.5,20,10,2,10,1,2,2.43287866273645,1,2,0,218
3,0.5,40,20,1,20,1,1,3.1661264465701,1,2,0,218
4,0.5,40,20,2,20,1,2,1.78321441268634,1,2,0,218
5,0.6,50,30,1,20,1,1,1.59983703590085,1,2,0,218
6,0.5,20,10,1,10,1,1,3.09939954742965,1,2,0,218
1,0.5,20,10,2,10,1,2,2.14987536781676,1,2,1,218
2,0.5,40,20,1,20,1,1,2.14955861989137,1,2,1,218
3,0.5,40,20,1,20,1,1,2.49954055870229,1,2,1,218
4,0.5,20,10,2,10,1,2,1.99961539788358,1,2,1,218
5,0.6,50,30,2,20,1,2,1.94961142071566,1,2,1,218
6,0.6,50,30,1,20,1,1,3.7661083141056,1,2,1,218
1,0.5,20,10,1,10,1,1,1.1331025530567,1,2,2,218
2,0.6,50,30,2,20,1,2,1.68320332223243,1,2,2,218
3,0.5,20,10,1,10,1,1,2.78288512028866,1,2,2,218
4,0.5,40,20,1,20,1,1,3.86597058150186,1,2,2,218
5,0.5,40,20,2,20,1,2,1.88289136401464,1,2,2,218
6,0.6,50,30,2,20,1,2,3.44939289030629,1,2,2,218
1,0.5,20,10,1,10,0,1,3.61602368168288,1,4,0,218
2,0.6,50,30,1,20,0,1,3.18302099973172,1,4,0,218
3,0.5,40,20,2,20,0,2,1.24970912504872,1,4,0,218
4,0.5,20,10,2,10,0,2,0.933219216649024,1,4,0,218
5,0.5,40,20,1,20,0,1,1.13355187324609,1,4,0,218
6,0.6,50,30,2,20,0,2,1.06643951668429,1,4,0,218
1,0.6,50,30,2,20,0,1,2.0331419255936,0,4,1,218
2,0.5,40,20,2,20,0,1,1.66653114835235,0,4,1,218
3,0.6,50,30,2,20,0,1,2.16636621705187,0,4,1,218
4,0.5,40,20,1,20,0,2,1.91650142650607,0,4,1,218
5,0.5,20,10,1,10,0,2,4.63259236366653,0,4,1,218
6,0.5,20,10,1,10,0,2,1.91629900433953,0,4,1,218
1,0.6,50,30,1,20,0,2,1.9665153822315,0,4,2,218
2,0.5,20,10,1,10,0,2,3.56607387382713,0,4,2,218
3,0.6,50,30,2,20,0,1,8.13227034136075,0,4,2,218
4,0.5,40,20,2,20,0,1,3.61607956160491,0,4,2,218
5,0.5,20,10,2,10,0,1,1.48289461417337,0,4,2,218
6,0.5,40,20,1,20,0,2,1.84961971717347,0,4,2,218
1,0.5,20,10,2,10,0,1,2.93282064455209,0,2,0,219
2,0.6,50,30,1,20,0,1,4.49928624803672,1,2,0,219
3,0.5,20,10,1,10,0,2,1.13327560975401,0,2,0,219
4,0.6,50,30,2,20,0,2,1.6498438640852,1,2,0,219
5,0.5,40,20,1,20,0,2,3.01613162116492,0,2,0,219
6,0.5,40,20,2,20,0,1,1.23296482045296,0,2,0,219
1,0.6,50,30,1,20,0,2,1.98313766332404,0,2,1,219
2,0.5,40,20,2,20,0,1,2.49956479234194,0,2,1,219
3,0.5,40,20,1,20,0,2,1.46626092901511,0,2,1,219
4,0.5,20,10,2,10,0,1,5.7490600911584,0,2,1,219
5,0.6,50,30,1,20,0,2,1.58323043539868,0,2,1,219
6,0.5,20,10,2,10,0,1,1.76633668052166,0,2,1,219
1,0.6,50,30,1,20,0,2,1.14978014386799,0,2,2,219
2,0.5,40,20,1,20,0,2,1.56646132695998,0,2,2,219
3,0.5,20,10,1,10,0,2,0.766357492941596,0,2,2,219
4,0.5,20,10,2,10,0,1,1.11642268143227,0,2,2,219
5,0.6,50,30,2,20,0,1,1.2663336869544,0,2,2,219
6,0.5,40,20,2,20,0,1,1.08302929618953,0,2,2,219
1,0.5,40,20,2,20,1,1,1.18331037789938,0,4,0,219
2,0.5,40,20,1,20,1,2,1.84982556055972,0,4,0,219
3,0.6,50,30,2,20,1,1,1.43323332918035,0,4,0,219
4,0.5,20,10,1,10,1,2,2.21623619644758,0,4,0,219
5,0.5,20,10,1,10,1,1,2.13312051446021,1,4,0,219
6,0.6,50,30,2,20,1,1,3.1495329607435,0,4,0,219
1,0.5,40,20,1,20,1,1,1.13302015868187,1,4,1,219
2,0.5,20,10,2,10,1,2,2.01646176886753,1,4,1,219
3,0.5,20,10,1,10,1,2,1.26636476303349,0,4,1,219
4,0.6,50,30,2,20,1,2,1.34971422836813,1,4,1,219
5,0.5,40,20,2,20,1,2,1.76623119291374,1,4,1,219
6,0.6,50,30,1,20,1,1,0.866368298293866,1,4,1,219
1,0.6,50,30,2,20,1,2,0.733033957601394,1,4,2,219
2,0.5,40,20,1,20,1,1,1.11630436425042,1,4,2,219
3,0.5,20,10,2,10,1,2,1.04975622384014,1,4,2,219
4,0.5,40,20,1,20,1,1,0.933055568305935,1,4,2,219
5,0.6,50,30,1,20,1,1,0.566737305350417,1,4,2,219
6,0.5,20,10,2,10,1,2,1.13311823364707,1,4,2,219
1,0.6,50,30,1,20,1,1,7.58214847466344,1,2,0,220
2,0.5,40,20,2,20,1,2,2.5497241499053,1,2,0,220
3,0.5,20,10,1,10,1,1,8.28201114120201,1,2,0,220
4,0.5,40,20,2,20,1,2,6.08263386021067,1,2,0,220
5,0.5,20,10,1,10,1,1,6.89903296373707,1,2,0,220
6,0.6,50,30,2,20,1,2,2.71620184169959,1,2,0,220
1,0.5,20,10,1,10,1,1,2.99957662406013,1,2,1,220
2,0.6,50,30,2,20,1,2,2.76617730870321,1,2,1,220
3,0.5,20,10,1,10,1,1,0.999732004455568,1,2,1,220
4,0.6,50,30,1,20,1,1,4.09930004695624,1,2,1,220
5,0.5,40,20,2,20,1,2,0.883039046665722,1,2,1,220
6,0.5,40,20,2,20,1,2,0.749941625438593,1,2,1,220
1,0.5,20,10,1,10,1,1,1.41623328841082,1,2,2,220
2,0.5,40,20,1,20,1,1,0.733024549247175,1,2,2,220
3,0.6,50,30,1,20,1,1,1.23326161126334,1,2,2,220
4,0.5,40,20,2,20,1,2,0.783098376317633,1,2,2,220
5,0.5,20,10,2,10,1,2,0.949763379891382,1,2,2,220
6,0.6,50,30,2,20,1,2,1.96635544020977,1,2,2,220
1,0.5,20,10,2,10,0,2,2.23282483554624,1,4,0,220
2,0.6,50,30,1,20,0,1,2.44979288791143,1,4,0,220
3,0.5,40,20,1,20,0,1,0.683167684527049,1,4,0,220
4,0.5,20,10,2,10,0,2,1.06632119950244,1,4,0,220
5,0.5,40,20,1,20,0,1,1.29976270990252,1,4,0,220
6,0.6,50,30,2,20,0,2,2.09979042178222,1,4,0,220
1,0.6,50,30,2,20,0,1,2.71625544080848,0,4,1,220
2,0.5,20,10,1,10,0,2,2.08296828443793,0,4,1,220
3,0.5,40,20,1,20,0,2,0.949808140849335,0,4,1,220
4,0.5,40,20,2,20,0,1,1.16658916653671,0,4,1,220
5,0.5,20,10,1,10,0,2,5.14909390421326,0,4,1,220
6,0.6,50,30,2,20,0,1,1.36663187476283,0,4,1,220
1,0.5,40,20,1,20,0,2,1.3163653189817,0,4,2,220
2,0.6,50,30,1,20,0,2,1.49965688017263,0,4,2,220
3,0.5,20,10,2,10,0,1,2.78283294668799,0,4,2,220
4,0.5,40,20,2,20,0,1,0.832998576487496,0,4,2,220
5,0.5,20,10,1,10,0,2,0.88332756952845,0,4,2,220
6,0.6,50,30,2,20,0,1,1.23303894688015,0,4,2,220
1,0.6,50,30,2,20,0,2,2.46653719250719,1,2,0,221
2,0.5,20,10,1,10,0,2,2.04964360869115,0,2,0,221
3,0.5,40,20,2,20,0,2,2.61627143501065,1,2,0,221
4,0.5,20,10,1,10,0,1,2.71618045907637,1,2,0,221
5,0.6,50,30,1,20,0,1,1.549551093208,1,2,0,221
6,0.5,40,20,2,20,0,2,4.43270075931121,1,2,0,221
1,0.6,50,30,2,20,0,1,1.96619008125682,0,2,1,221
2,0.5,40,20,1,20,0,2,1.43289861985146,0,2,1,221
3,0.5,20,10,2,10,0,1,0.949671577162332,0,2,1,221
4,0.5,40,20,1,20,0,2,1.21637133462636,0,2,1,221
5,0.6,50,30,1,20,0,2,0.949766230907812,0,2,1,221
6,0.5,20,10,2,10,0,1,0.749979258855471,0,2,1,221
1,0.5,40,20,1,20,0,2,1.99962281052629,0,2,2,221
2,0.5,20,10,1,10,0,2,0.849673601383997,0,2,2,221
3,0.6,50,30,2,20,0,2,0.99979843313839,1,2,2,221
4,0.5,20,10,2,10,0,1,1.64970701529656,0,2,2,221
5,0.5,40,20,1,20,0,2,1.76637573944675,0,2,2,221
6,0.6,50,30,2,20,0,1,1.61643052172745,0,2,2,221
1,0.5,40,20,2,20,1,1,3.91601418779816,0,4,0,221
2,0.5,40,20,1,20,1,2,1.21651502585444,0,4,0,221
3,0.5,20,10,2,10,1,1,1.34990809748537,0,4,0,221
4,0.6,50,30,2,20,1,2,1.46641830512205,1,4,0,221
5,0.5,20,10,1,10,1,2,1.43303290272532,0,4,0,221
6,0.6,50,30,1,20,1,2,1.88285743691912,0,4,0,221
1,0.5,20,10,2,10,1,1,2.36644256727187,0,4,1,221
2,0.5,40,20,2,20,1,2,0.999773629295448,1,4,1,221
3,0.6,50,30,2,20,1,2,1.78304192619232,1,4,1,221
4,0.5,20,10,1,10,1,1,1.54958730111666,1,4,1,221
5,0.6,50,30,1,20,1,1,2.1330190182753,1,4,1,221
6,0.5,40,20,1,20,1,1,1.24993378514341,1,4,1,221
1,0.5,20,10,1,10,1,1,1.86628761452889,1,4,2,221
2,0.5,20,10,1,10,1,1,1.21636677300008,1,4,2,221
3,0.5,40,20,2,20,1,2,2.99972345140628,1,4,2,221
4,0.6,50,30,2,20,1,1,1.8996251198496,0,4,2,221
5,0.6,50,30,2,20,1,2,0.899610864767453,1,4,2,221
6,0.5,40,20,1,20,1,1,1.36656459077508,1,4,2,221
1,0.5,40,20,1,20,1,1,3.41600463689312,1,2,0,222
2,0.5,20,10,2,10,1,2,2.93301194775455,1,2,0,222
3,0.6,50,30,1,20,1,2,4.88259143708619,0,2,0,222
4,0.5,40,20,2,20,1,2,4.18272449402299,1,2,0,222
5,0.6,50,30,1,20,1,2,4.79950512056806,0,2,0,222
6,0.5,20,10,2,10,1,2,1.74973777776384,1,2,0,222
1,0.6,50,30,1,20,1,1,2.49974155536061,1,2,1,222
2,0.6,50,30,1,20,1,1,1.88302108526221,1,2,1,222
3,0.5,40,20,1,20,1,1,2.58281561250809,1,2,1,222
4,0.5,20,10,2,10,1,2,2.23313702184534,1,2,1,222
5,0.5,20,10,2,10,1,2,1.64983017920634,1,2,1,222
6,0.5,40,20,2,20,1,2,1.14973110638539,1,2,1,222
1,0.6,50,30,1,20,1,1,1.03309260300936,1,2,2,222
2,0.5,20,10,1,10,1,1,1.63317938794949,1,2,2,222
3,0.5,40,20,2,20,1,2,1.66631276049381,1,2,2,222
4,0.6,50,30,2,20,1,2,1.28323565275874,1,2,2,222
5,0.5,40,20,1,20,1,1,1.36642061444536,1,2,2,222
6,0.5,20,10,2,10,1,2,1.58327320064513,1,2,2,222
1,0.5,40,20,2,20,0,2,2.2164617118472,1,4,0,222
2,0.6,50,30,1,20,0,1,1.89987201787245,1,4,0,222
3,0.5,20,10,1,10,0,1,1.11661398463473,1,4,0,222
4,0.6,50,30,2,20,0,2,1.39981171887495,1,4,0,222
5,0.5,40,20,2,20,0,2,1.49960841289332,1,4,0,222
6,0.5,20,10,1,10,0,1,0.649774299284309,1,4,0,222
1,0.5,40,20,1,20,0,2,3.81604956891206,0,4,1,222
2,0.5,20,10,2,10,0,1,0.599777449657465,0,4,1,222
3,0.5,40,20,2,20,0,1,0.96640590320058,0,4,1,222
4,0.5,20,10,1,10,0,2,0.849830407287654,0,4,1,222
5,0.6,50,30,1,20,0,2,1.71631474195023,0,4,1,222
6,0.6,50,30,2,20,0,1,1.06654557449549,0,4,1,222
1,0.5,40,20,2,20,0,1,1.49991689287106,0,4,2,222
2,0.5,20,10,1,10,0,2,0.583174840578289,0,4,2,222
3,0.6,50,30,1,20,0,2,1.69956416511833,0,4,2,222
4,0.5,40,20,1,20,0,2,0.733137164396165,0,4,2,222
5,0.6,50,30,2,20,0,1,1.31641065014294,0,4,2,222
6,0.5,20,10,2,10,0,1,1.04972144143969,0,4,2,222
1,0.5,20,10,2,10,0,1,3.78308062765965,0,2,0,223
2,0.5,40,20,1,20,0,2,3.18296618737074,0,2,0,223
3,0.6,50,30,2,20,0,1,7.43232313786491,0,2,0,223
4,0.6,50,30,2,20,0,1,3.73271977296689,0,2,0,223
5,0.5,20,10,1,10,0,2,1.74956621599507,0,2,0,223
6,0.5,40,20,1,20,0,2,1.44995332866145,0,2,0,223
1,0.5,20,10,1,10,0,2,1.49961340051877,0,2,1,223
2,0.6,50,30,2,20,0,1,3.96599321569229,0,2,1,223
3,0.6,50,30,2,20,0,1,6.81588627360866,0,2,1,223
4,0.5,40,20,1,20,0,2,1.71628558867754,0,2,1,223
5,0.5,40,20,2,20,0,1,2.19960336489802,0,2,1,223
6,0.5,20,10,1,10,0,2,2.09974694269946,0,2,1,223
1,0.5,40,20,1,20,0,2,2.01648008585017,0,2,2,223
2,0.5,40,20,1,20,0,2,1.5831511050872,0,2,2,223
3,0.6,50,30,2,20,0,1,87.9222618578557,0,2,2,223
4,0.5,20,10,1,10,0,2,5.18295649387342,0,2,2,223
5,0.6,50,30,2,20,0,1,1.24970477598613,0,2,2,223
6,0.5,20,10,2,10,0,1,0.899718774536665,0,2,2,223
1,0.5,40,20,2,20,1,1,1.09966454797226,0,4,0,223
2,0.5,20,10,1,10,1,2,1.99967270191412,0,4,0,223
3,0.6,50,30,1,20,1,2,4.44930072820973,0,4,0,223
4,0.5,20,10,2,10,1,1,1.33294141193201,0,4,0,223
5,0.5,40,20,2,20,1,1,4.78256174045034,0,4,0,223
6,0.6,50,30,1,20,1,2,5.86565012290784,0,4,0,223
1,0.5,40,20,2,20,1,1,1.01627880322942,0,4,1,223
2,0.5,20,10,1,10,1,1,4.48265149083138,1,4,1,223
3,0.6,50,30,2,20,1,2,1.23321642215295,1,4,1,223
4,0.5,20,10,1,10,1,1,0.933025631317523,1,4,1,223
5,0.5,40,20,1,20,1,1,1.18299954440563,1,4,1,223
6,0.6,50,30,2,20,1,2,0.599744376773696,1,4,1,223
1,0.6,50,30,1,20,1,1,0.916492231232106,1,4,2,223
2,0.5,20,10,2,10,1,2,1.04979178937969,1,4,2,223
3,0.5,40,20,2,20,1,2,0.583004562216002,1,4,2,223
4,0.5,40,20,1,20,1,1,0.766408097377453,1,4,2,223
5,0.6,50,30,1,20,1,1,0.666454740205719,1,4,2,223
6,0.5,20,10,2,10,1,2,0.516679657853757,1,4,2,223
1,0.5,20,10,2,10,1,1,3.61604502100916,0,2,0,224
2,0.6,50,30,2,20,1,1,11.9817722959654,0,2,0,224
3,0.5,40,20,1,20,1,2,4.73302232518835,0,2,0,224
4,0.6,50,30,1,20,1,2,7.34872094740497,0,2,0,224
5,0.5,40,20,2,20,1,1,3.59933576962399,0,2,0,224
6,0.5,20,10,1,10,1,2,2.63283638173774,0,2,0,224
1,0.5,40,20,1,20,1,1,1.83290862655587,1,2,1,224
2,0.5,20,10,2,10,1,2,3.91605203451557,1,2,1,224
3,0.6,50,30,2,20,1,2,4.66588938388912,1,2,1,224
4,0.5,20,10,1,10,1,1,2.73283928977699,1,2,1,224
5,0.5,40,20,1,20,1,1,1.63321186092274,1,2,1,224
6,0.6,50,30,2,20,1,2,6.61590132965818,1,2,1,224
1,0.5,40,20,2,20,1,2,5.31588148656685,1,2,2,224
2,0.6,50,30,1,20,1,1,5.4159667890514,1,2,2,224
3,0.5,40,20,2,20,1,2,2.08295210459362,1,2,2,224
4,0.6,50,30,1,20,1,1,4.86609847761294,1,2,2,224
5,0.5,20,10,1,10,1,1,4.03263789380411,1,2,2,224
6,0.5,20,10,2,10,1,2,7.81574435255927,1,2,2,224
1,0.5,20,10,1,10,0,1,1.3496361244618,1,4,0,224
2,0.5,40,20,2,20,0,2,2.63277822095282,1,4,0,224
3,0.6,50,30,1,20,0,1,3.24938745859608,1,4,0,224
4,0.5,20,10,2,10,0,1,2.33295908958985,0,4,0,224
5,0.6,50,30,1,20,0,2,5.86585728141666,0,4,0,224
6,0.5,40,20,2,20,0,1,5.31572468052908,0,4,0,224
1,0.6,50,30,2,20,0,1,6.09917440195603,0,4,1,224
2,0.5,40,20,1,20,0,2,1.99961283163764,0,4,1,224
3,0.5,40,20,2,20,0,1,1.84942172784288,0,4,1,224
4,0.5,20,10,2,10,0,1,1.59992193910338,0,4,1,224
5,0.6,50,30,1,20,0,2,5.69913254899904,0,4,1,224
6,0.5,20,10,1,10,0,2,1.59947290363157,0,4,1,224
1,0.5,40,20,2,20,0,1,3.38270908374526,0,4,2,224
2,0.6,50,30,1,20,0,2,2.71614087226352,0,4,2,224
3,0.5,20,10,2,10,0,1,1.66635581057603,0,4,2,224
4,0.5,40,20,1,20,0,2,3.0828722760653,0,4,2,224
5,0.6,50,30,1,20,0,2,4.8324935182086,0,4,2,224
6,0.5,20,10,2,10,0,1,2.03303789175138,0,4,2,224
